x,y,u
0.0,0.0,0.0
0.02,0.0,0.0
0.04,0.0,0.0
0.06,0.0,0.0
0.08,0.0,0.0
0.1,0.0,0.0
0.12,0.0,0.0
0.14,0.0,0.0
0.16,0.0,0.0
0.18,0.0,0.0
0.2,0.0,0.0
0.22,0.0,0.0
0.24,0.0,0.0
0.26,0.0,0.0
0.28,0.0,0.0
0.3,0.0,0.0
0.32,0.0,0.0
0.34,0.0,0.0
0.36,0.0,0.0
0.38,0.0,0.0
0.4,0.0,0.0
0.42,0.0,0.0
0.44,0.0,0.0
0.46,0.0,0.0
0.48,0.0,0.0
0.5,0.0,0.0
0.52,0.0,0.0
0.54,0.0,0.0
0.56,0.0,0.0
0.58,0.0,0.0
0.6,0.0,0.0
0.62,0.0,0.0
0.64,0.0,0.0
0.66,0.0,0.0
0.68,0.0,0.0
0.7000000000000001,0.0,0.0
0.72,0.0,0.0
0.74,0.0,0.0
0.76,0.0,0.0
0.78,0.0,0.0
0.8,0.0,0.0
0.8200000000000001,0.0,0.0
0.84,0.0,0.0
0.86,0.0,0.0
0.88,0.0,0.0
0.9,0.0,0.0
0.92,0.0,0.0
0.9400000000000001,0.0,0.0
0.96,0.0,0.0
0.98,0.0,0.0
1.0,0.0,0.0
0.0,0.02,0.0
0.02,0.02,0.03349624932415814
0.04,0.02,0.05034212358073208
0.06,0.02,0.059384493361576786
0.08,0.02,0.06444690177660892
0.1,0.02,0.06736078669857691
0.12,0.02,0.06907010953709779
0.14,0.02,0.07008649223256803
0.16,0.02,0.07069695858978373
0.18,0.02,0.07106647094079749
0.2,0.02,0.07129151021644008
0.22,0.02,0.07142924561939676
0.24,0.02,0.07151389356530656
0.26,0.02,0.07156609533049597
0.28,0.02,0.0715983823474759
0.3,0.02,0.07161840229826297
0.32,0.02,0.07163084269246396
0.34,0.02,0.07163858711140084
0.36,0.02,0.071643414795732
0.38,0.02,0.07164642621074163
0.4,0.02,0.07164830303770775
0.42,0.02,0.07164946750702592
0.44,0.02,0.07165018016977708
0.46,0.02,0.07165059974426519
0.48,0.02,0.07165081932343033
0.5,0.02,0.07165088749529287
0.52,0.02,0.07165081932343034
0.54,0.02,0.07165059974426519
0.56,0.02,0.07165018016977706
0.58,0.02,0.0716494675070259
0.6,0.02,0.07164830303770776
0.62,0.02,0.07164642621074163
0.64,0.02,0.071643414795732
0.66,0.02,0.07163858711140084
0.68,0.02,0.07163084269246396
0.7000000000000001,0.02,0.07161840229826295
0.72,0.02,0.07159838234747588
0.74,0.02,0.07156609533049597
0.76,0.02,0.07151389356530656
0.78,0.02,0.07142924561939674
0.8,0.02,0.07129151021644008
0.8200000000000001,0.02,0.07106647094079749
0.84,0.02,0.07069695858978373
0.86,0.02,0.07008649223256805
0.88,0.02,0.06907010953709782
0.9,0.02,0.06736078669857695
0.92,0.02,0.06444690177660892
0.9400000000000001,0.02,0.05938449336157678
0.96,0.02,0.050342123580732076
0.98,0.02,0.03349624932415814
1.0,0.02,0.0
0.0,0.04,0.0
0.02,0.04,0.050342123580732076
0.04,0.04,0.07855617635333981
0.06,0.04,0.09462584676128152
0.08,0.04,0.10393170740160372
0.1,0.04,0.10939829282031638
0.12,0.04,0.1126471811246658
0.14,0.04,0.11459619924990423
0.16,0.04,0.11577426290372611
0.18,0.04,0.11649070914512563
0.2,0.04,0.11692862634885406
0.22,0.04,0.1171974278197197
0.24,0.04,0.11736301202439482
0.26,0.04,0.11746532447530061
0.28,0.04,0.11752870823063982
0.3,0.04,0.1175680646127646
0.32,0.04,0.11759254989868476
0.34,0.04,0.11760780837968753
0.36,0.04,0.11761732881993192
0.38,0.04,0.11762327225167504
0.4,0.04,0.117626979040605
0.42,0.04,0.11762928032202397
0.44,0.04,0.11763068946177263
0.46,0.04,0.11763151943270636
0.48,0.04,0.11763195391884936
0.5,0.04,0.11763208883336944
0.52,0.04,0.1176319539188494
0.54,0.04,0.11763151943270637
0.56,0.04,0.11763068946177258
0.58,0.04,0.11762928032202398
0.6,0.04,0.11762697904060507
0.62,0.04,0.11762327225167508
0.64,0.04,0.11761732881993195
0.66,0.04,0.11760780837968751
0.68,0.04,0.1175925498986848
0.7000000000000001,0.04,0.11756806461276456
0.72,0.04,0.11752870823063975
0.74,0.04,0.11746532447530059
0.76,0.04,0.11736301202439485
0.78,0.04,0.1171974278197197
0.8,0.04,0.11692862634885409
0.8200000000000001,0.04,0.11649070914512569
0.84,0.04,0.11577426290372611
0.86,0.04,0.11459619924990425
0.88,0.04,0.11264718112466583
0.9,0.04,0.10939829282031643
0.92,0.04,0.10393170740160375
0.9400000000000001,0.04,0.09462584676128152
0.96,0.04,0.0785561763533398
0.98,0.04,0.050342123580732076
1.0,0.04,0.0
0.0,0.06,0.0
0.02,0.06,0.05938449336157679
0.04,0.06,0.09462584676128152
0.06,0.06,0.11555617928086204
0.08,0.06,0.12804212972852877
0.1,0.06,0.13553315462048254
0.12,0.06,0.140053559116278
0.14,0.06,0.14279610058863784
0.16,0.06,0.144468037210836
0.18,0.06,0.14549161821614998
0.2,0.06,0.14612058348390172
0.22,0.06,0.146508312850177
0.24,0.06,0.14674800464213145
0.26,0.06,0.14689654721073192
0.28,0.06,0.14698880313314608
0.3,0.06,0.1470462109460237
0.32,0.06,0.14708199388956
0.34,0.06,0.14710432936466977
0.36,0.06,0.14711828561661952
0.38,0.06,0.14712700938575654
0.4,0.06,0.1471324563591343
0.42,0.06,0.1471358413430971
0.44,0.06,0.1471379158149375
0.46,0.06,0.1471391384924795
0.48,0.06,0.14713977886966126
0.5,0.06,0.14713997776715998
0.52,0.06,0.1471397788696613
0.54,0.06,0.14713913849247953
0.56,0.06,0.1471379158149375
0.58,0.06,0.1471358413430971
0.6,0.06,0.14713245635913436
0.62,0.06,0.14712700938575665
0.64,0.06,0.14711828561661972
0.66,0.06,0.14710432936466986
0.68,0.06,0.14708199388956003
0.7000000000000001,0.06,0.1470462109460236
0.72,0.06,0.14698880313314602
0.74,0.06,0.14689654721073186
0.76,0.06,0.1467480046421314
0.78,0.06,0.14650831285017696
0.8,0.06,0.14612058348390175
0.8200000000000001,0.06,0.14549161821615003
0.84,0.06,0.14446803721083604
0.86,0.06,0.14279610058863784
0.88,0.06,0.140053559116278
0.9,0.06,0.13553315462048254
0.92,0.06,0.1280421297285288
0.9400000000000001,0.06,0.11555617928086205
0.96,0.06,0.0946258467612815
0.98,0.06,0.05938449336157678
1.0,0.06,0.0
0.0,0.08,0.0
0.02,0.08,0.06444690177660894
0.04,0.08,0.10393170740160373
0.06,0.08,0.1280421297285288
0.08,0.08,0.14275590355687257
0.1,0.08,0.1517452677409036
0.12,0.08,0.1572485119545814
0.14,0.08,0.16062582689526073
0.16,0.08,0.1627037745769973
0.18,0.08,0.16398546666796665
0.2,0.08,0.1647778932172062
0.22,0.08,0.16526889802499045
0.24,0.08,0.16557374741164832
0.26,0.08,0.16576336603449587
0.28,0.08,0.1658815067718181
0.3,0.08,0.16595522433782875
0.32,0.08,0.16600128412677384
0.34,0.08,0.16603009544574604
0.36,0.08,0.16604813201944407
0.38,0.08,0.16605942519274872
0.4,0.08,0.1660664869389054
0.42,0.08,0.16607088114491203
0.44,0.08,0.1660735771253882
0.46,0.08,0.16607516755110885
0.48,0.08,0.16607600107408846
0.5,0.08,0.16607626004937986
0.52,0.08,0.16607600107408846
0.54,0.08,0.16607516755110888
0.56,0.08,0.16607357712538823
0.58,0.08,0.16607088114491203
0.6,0.08,0.16606648693890547
0.62,0.08,0.16605942519274886
0.64,0.08,0.1660481320194443
0.66,0.08,0.16603009544574615
0.68,0.08,0.16600128412677384
0.7000000000000001,0.08,0.16595522433782878
0.72,0.08,0.16588150677181812
0.74,0.08,0.16576336603449582
0.76,0.08,0.16557374741164832
0.78,0.08,0.1652688980249904
0.8,0.08,0.16477789321720626
0.8200000000000001,0.08,0.16398546666796665
0.84,0.08,0.16270377457699736
0.86,0.08,0.16062582689526078
0.88,0.08,0.15724851195458145
0.9,0.08,0.1517452677409036
0.92,0.08,0.14275590355687257
0.9400000000000001,0.08,0.12804212972852877
0.96,0.08,0.1039317074016037
0.98,0.08,0.06444690177660893
1.0,0.08,0.0
0.0,0.1,0.0
0.02,0.1,0.06736078669857698
0.04,0.1,0.10939829282031645
0.06,0.1,0.1355331546204826
0.08,0.1,0.15174526774090363
0.1,0.1,0.16179255437985868
0.12,0.1,0.1680190964567997
0.14,0.1,0.17188008583987857
0.16,0.1,0.1742765224493254
0.18,0.1,0.17576567399510623
0.2,0.1,0.17669220333540747
0.22,0.1,0.17726941822592823
0.24,0.1,0.17762947042730542
0.26,0.1,0.17785433595068423
0.28,0.1,0.17799493493616547
0.3,0.1,0.1780829403742652
0.32,0.1,0.17813807965931516
0.34,0.1,0.17817265536124569
0.36,0.1,0.17819434822655097
0.38,0.1,0.1782079574654387
0.4,0.1,0.17821648244660765
0.42,0.1,0.17822179540123975
0.44,0.1,0.17822505941567218
0.46,0.1,0.17822698702270098
0.48,0.1,0.17822799804102152
0.5,0.1,0.17822831229205857
0.52,0.1,0.17822799804102155
0.54,0.1,0.17822698702270098
0.56,0.1,0.17822505941567215
0.58,0.1,0.1782217954012398
0.6,0.1,0.1782164824466077
0.62,0.1,0.1782079574654388
0.64,0.1,0.17819434822655109
0.66,0.1,0.17817265536124577
0.68,0.1,0.17813807965931522
0.7000000000000001,0.1,0.17808294037426517
0.72,0.1,0.17799493493616542
0.74,0.1,0.1778543359506841
0.76,0.1,0.17762947042730537
0.78,0.1,0.1772694182259282
0.8,0.1,0.17669220333540747
0.8200000000000001,0.1,0.1757656739951063
0.84,0.1,0.1742765224493254
0.86,0.1,0.17188008583987854
0.88,0.1,0.16801909645679963
0.9,0.1,0.16179255437985865
0.92,0.1,0.1517452677409036
0.9400000000000001,0.1,0.13553315462048254
0.96,0.1,0.10939829282031643
0.98,0.1,0.06736078669857695
1.0,0.1,0.0
0.0,0.12,0.0
0.02,0.12,0.06907010953709783
0.04,0.12,0.11264718112466582
0.06,0.12,0.140053559116278
0.08,0.12,0.15724851195458142
0.1,0.12,0.16801909645679963
0.12,0.12,0.17475905294423993
0.14,0.12,0.17897491472610422
0.16,0.12,0.18161185987518455
0.18,0.12,0.18326163832674683
0.2,0.12,0.18429426857047065
0.22,0.12,0.18494098476119528
0.24,0.12,0.1853462742064219
0.26,0.12,0.1856004395949069
0.28,0.12,0.1857599436351274
0.3,0.12,0.1858601106386044
0.32,0.12,0.18592305470683906
0.34,0.12,0.18596262918561957
0.36,0.12,0.18598751770538563
0.38,0.12,0.18600316548893522
0.4,0.12,0.18601298647016823
0.42,0.12,0.18601911767801516
0.44,0.12,0.1860228899964942
0.46,0.12,0.18602512048754155
0.48,0.12,0.18602629138344248
0.5,0.12,0.1860266554952231
0.52,0.12,0.18602629138344243
0.54,0.12,0.1860251204875415
0.56,0.12,0.1860228899964942
0.58,0.12,0.1860191176780152
0.6,0.12,0.18601298647016828
0.62,0.12,0.1860031654889353
0.64,0.12,0.18598751770538574
0.66,0.12,0.1859626291856198
0.68,0.12,0.18592305470683912
0.7000000000000001,0.12,0.18586011063860436
0.72,0.12,0.18575994363512732
0.74,0.12,0.18560043959490685
0.76,0.12,0.18534627420642183
0.78,0.12,0.1849409847611952
0.8,0.12,0.18429426857047063
0.8200000000000001,0.12,0.18326163832674675
0.84,0.12,0.18161185987518447
0.86,0.12,0.17897491472610416
0.88,0.12,0.17475905294423988
0.9,0.12,0.1680190964567996
0.92,0.12,0.1572485119545814
0.9400000000000001,0.12,0.140053559116278
0.96,0.12,0.11264718112466585
0.98,0.12,0.06907010953709783
1.0,0.12,0.0
0.0,0.14,0.0
0.02,0.14,0.07008649223256805
0.04,0.14,0.11459619924990422
0.06,0.14,0.14279610058863784
0.08,0.14,0.16062582689526075
0.1,0.14,0.17188008583987857
0.12,0.14,0.1789749147261042
0.14,0.14,0.18344364319033463
0.16,0.14,0.18625673597359857
0.18,0.14,0.18802707853157508
0.2,0.14,0.18914110157262726
0.22,0.14,0.1898421749941991
0.24,0.14,0.19028345688356438
0.26,0.14,0.19056129250637543
0.28,0.14,0.19073627809785837
0.3,0.14,0.1908465259659066
0.32,0.14,0.1909160102851849
0.34,0.14,0.19095981480613197
0.36,0.14,0.19098743146151398
0.38,0.14,0.1910048334125353
0.4,0.14,0.1910157775611485
0.42,0.14,0.19102262237976142
0.44,0.14,0.19102684040404677
0.46,0.14,0.19102933764503666
0.48,0.14,0.19103064978667222
0.5,0.14,0.1910310580209937
0.52,0.14,0.19103064978667217
0.54,0.14,0.1910293376450366
0.56,0.14,0.19102684040404672
0.58,0.14,0.19102262237976142
0.6,0.14,0.19101577756114854
0.62,0.14,0.19100483341253538
0.64,0.14,0.19098743146151398
0.66,0.14,0.19095981480613203
0.68,0.14,0.190916010285185
0.7000000000000001,0.14,0.1908465259659066
0.72,0.14,0.19073627809785837
0.74,0.14,0.19056129250637543
0.76,0.14,0.19028345688356435
0.78,0.14,0.189842174994199
0.8,0.14,0.18914110157262715
0.8200000000000001,0.14,0.18802707853157494
0.84,0.14,0.18625673597359843
0.86,0.14,0.18344364319033452
0.88,0.14,0.17897491472610413
0.9,0.14,0.17188008583987852
0.92,0.14,0.16062582689526067
0.9400000000000001,0.14,0.14279610058863784
0.96,0.14,0.11459619924990425
0.98,0.14,0.07008649223256805
1.0,0.14,0.0
0.0,0.16,0.0
0.02,0.16,0.07069695858978373
0.04,0.16,0.11577426290372608
0.06,0.16,0.14446803721083595
0.08,0.16,0.16270377457699728
0.1,0.16,0.17427652244932534
0.12,0.16,0.1816118598751845
0.14,0.16,0.18625673597359854
0.16,0.16,0.1891957094920196
0.18,0.16,0.19105425395964262
0.2,0.16,0.19222910450878977
0.22,0.16,0.19297159175824916
0.24,0.16,0.19344077720397385
0.26,0.16,0.19373725395044727
0.28,0.16,0.19392460590359573
0.3,0.16,0.19404301003515995
0.32,0.16,0.19411784771889923
0.34,0.16,0.19416515125343584
0.36,0.16,0.1941950462143056
0.38,0.16,0.19421392582105051
0.4,0.16,0.19422582349435868
0.42,0.16,0.19423327835178752
0.44,0.16,0.194237879675704
0.46,0.16,0.1942406074308933
0.48,0.16,0.19424204205455028
0.5,0.16,0.19424248861960605
0.52,0.16,0.19424204205455028
0.54,0.16,0.1942406074308933
0.56,0.16,0.19423787967570402
0.58,0.16,0.19423327835178758
0.6,0.16,0.19422582349435877
0.62,0.16,0.19421392582105063
0.64,0.16,0.1941950462143056
0.66,0.16,0.19416515125343584
0.68,0.16,0.1941178477188992
0.7000000000000001,0.16,0.1940430100351599
0.72,0.16,0.1939246059035957
0.74,0.16,0.19373725395044722
0.76,0.16,0.19344077720397373
0.78,0.16,0.19297159175824902
0.8,0.16,0.1922291045087896
0.8200000000000001,0.16,0.19105425395964246
0.84,0.16,0.18919570949201941
0.86,0.16,0.18625673597359835
0.88,0.16,0.18161185987518438
0.9,0.16,0.17427652244932534
0.92,0.16,0.16270377457699728
0.9400000000000001,0.16,0.144468037210836
0.96,0.16,0.11577426290372614
0.98,0.16,0.07069695858978373
1.0,0.16,0.0
0.0,0.18,0.0
0.02,0.18,0.07106647094079749
0.04,0.18,0.1164907091451256
0.06,0.18,0.14549161821614992
0.08,0.18,0.1639854666679665
0.1,0.18,0.17576567399510618
0.12,0.18,0.18326163832674675
0.14,0.18,0.18802707853157508
0.16,0.18,0.1910542539596426
0.18,0.18,0.1929759740981145
0.2,0.18,0.19419529164639787
0.22,0.18,0.1949686286776839
0.24,0.18,0.19545896166442928
0.26,0.18,0.1957697909779335
0.28,0.18,0.19596680271163652
0.3,0.18,0.19609166255927013
0.32,0.18,0.19617078884559597
0.34,0.18,0.1962209265250937
0.36,0.18,0.196252685564083
0.38,0.18,0.19627278532721276
0.4,0.18,0.1962854769423199
0.42,0.18,0.19629344352768352
0.44,0.18,0.19629836845122917
0.46,0.18,0.19630129183446104
0.48,0.18,0.1963028307919396
0.5,0.18,0.19630331007225116
0.52,0.18,0.1963028307919396
0.54,0.18,0.19630129183446107
0.56,0.18,0.19629836845122922
0.58,0.18,0.1962934435276836
0.6,0.18,0.19628547694232004
0.62,0.18,0.19627278532721287
0.64,0.18,0.19625268556408304
0.66,0.18,0.1962209265250937
0.68,0.18,0.19617078884559602
0.7000000000000001,0.18,0.19609166255927002
0.72,0.18,0.19596680271163647
0.74,0.18,0.19576979097793343
0.76,0.18,0.1954589616644292
0.78,0.18,0.19496862867768372
0.8,0.18,0.19419529164639768
0.8200000000000001,0.18,0.19297597409811437
0.84,0.18,0.19105425395964243
0.86,0.18,0.18802707853157485
0.88,0.18,0.1832616383267466
0.9,0.18,0.17576567399510618
0.92,0.18,0.16398546666796657
0.9400000000000001,0.18,0.14549161821614998
0.96,0.18,0.11649070914512566
0.98,0.18,0.0710664709407975
1.0,0.18,0.0
0.0,0.2,0.0
0.02,0.2,0.07129151021644006
0.04,0.2,0.11692862634885404
0.06,0.2,0.1461205834839016
0.08,0.2,0.16477789321720615
0.1,0.2,0.17669220333540742
0.12,0.2,0.1842942685704706
0.14,0.2,0.18914110157262728
0.16,0.2,0.19222910450878977
0.18,0.2,0.19419529164639784
0.2,0.2,0.19544651763028276
0.22,0.2,0.19624239537719596
0.24,0.2,0.19674844213101195
0.26,0.2,0.1970701037808075
0.28,0.2,0.19727451194807405
0.3,0.2,0.19740438115654185
0.32,0.2,0.19748687634824014
0.34,0.2,0.19753926574227873
0.36,0.2,0.19757252130253664
0.38,0.2,0.1975936100468405
0.4,0.2,0.19760695080848867
0.42,0.2,0.197615339070934
0.44,0.2,0.19762053245731404
0.46,0.2,0.1976236190306743
0.48,0.2,0.19762524536488396
0.5,0.2,0.19762575209996947
0.52,0.2,0.19762524536488396
0.54,0.2,0.19762361903067432
0.56,0.2,0.19762053245731415
0.58,0.2,0.19761533907093415
0.6,0.2,0.19760695080848883
0.62,0.2,0.1975936100468405
0.64,0.2,0.19757252130253655
0.66,0.2,0.19753926574227862
0.68,0.2,0.1974868763482401
0.7000000000000001,0.2,0.19740438115654185
0.72,0.2,0.197274511948074
0.74,0.2,0.19707010378080736
0.76,0.2,0.19674844213101178
0.78,0.2,0.1962423953771958
0.8,0.2,0.19544651763028256
0.8200000000000001,0.2,0.19419529164639768
0.84,0.2,0.19222910450878963
0.86,0.2,0.18914110157262715
0.88,0.2,0.18429426857047052
0.9,0.2,0.1766922033354074
0.92,0.2,0.1647778932172062
0.9400000000000001,0.2,0.14612058348390172
0.96,0.2,0.11692862634885409
0.98,0.2,0.07129151021644009
1.0,0.2,0.0
0.0,0.22,0.0
0.02,0.22,0.07142924561939673
0.04,0.22,0.11719742781971966
0.06,0.22,0.14650831285017696
0.08,0.22,0.16526889802499037
0.1,0.22,0.17726941822592815
0.12,0.22,0.18494098476119517
0.14,0.22,0.18984217499419906
0.16,0.22,0.19297159175824924
0.18,0.22,0.1949686286776839
0.2,0.22,0.19624239537719596
0.22,0.22,0.19705447214524444
0.24,0.22,0.19757199612781737
0.26,0.22,0.1979016908223719
0.28,0.22,0.1981116625329252
0.3,0.22,0.19824535000189156
0.32,0.22,0.1983304449181921
0.34,0.22,0.19838459194169994
0.36,0.22,0.19841902811745155
0.38,0.22,0.19844090475849194
0.4,0.22,0.19845476733555822
0.42,0.22,0.1984634973044368
0.44,0.22,0.19846890976788167
0.46,0.22,0.1984721302721731
0.48,0.22,0.19847382860992915
0.5,0.22,0.1984743580178528
0.52,0.22,0.1984738286099291
0.54,0.22,0.19847213027217303
0.56,0.22,0.19846890976788173
0.58,0.22,0.19846349730443685
0.6,0.22,0.19845476733555834
0.62,0.22,0.19844090475849196
0.64,0.22,0.1984190281174515
0.66,0.22,0.19838459194169988
0.68,0.22,0.19833044491819207
0.7000000000000001,0.22,0.19824535000189147
0.72,0.22,0.19811166253292511
0.74,0.22,0.1979016908223718
0.76,0.22,0.19757199612781717
0.78,0.22,0.19705447214524424
0.8,0.22,0.19624239537719576
0.8200000000000001,0.22,0.19496862867768372
0.84,0.22,0.19297159175824902
0.86,0.22,0.18984217499419886
0.88,0.22,0.18494098476119508
0.9,0.22,0.17726941822592812
0.92,0.22,0.16526889802499034
0.9400000000000001,0.22,0.14650831285017693
0.96,0.22,0.11719742781971969
0.98,0.22,0.07142924561939676
1.0,0.22,0.0
0.0,0.24,0.0
0.02,0.24,0.07151389356530653
0.04,0.24,0.11736301202439478
0.06,0.24,0.14674800464213142
0.08,0.24,0.16557374741164835
0.1,0.24,0.17762947042730534
0.12,0.24,0.18534627420642183
0.14,0.24,0.19028345688356435
0.16,0.24,0.19344077720397387
0.18,0.24,0.1954589616644293
0.2,0.24,0.1967484421310119
0.22,0.24,0.19757199612781728
0.24,0.24,0.19809777863820444
0.26,0.24,0.19843333901241192
0.28,0.24,0.19864742986594822
0.3,0.24,0.19878398140028544
0.32,0.24,0.19887105036457522
0.34,0.24,0.19892654737721743
0.36,0.24,0.1989619000905679
0.38,0.24,0.19898439448581584
0.4,0.24,0.19899866993792725
0.42,0.24,0.19900767250426044
0.44,0.24,0.1990132609911791
0.46,0.24,0.19901658973464176
0.48,0.24,0.19901834650679245
0.5,0.24,0.19901889435515407
0.52,0.24,0.19901834650679245
0.54,0.24,0.19901658973464173
0.56,0.24,0.19901326099117908
0.58,0.24,0.1990076725042605
0.6,0.24,0.19899866993792725
0.62,0.24,0.19898439448581584
0.64,0.24,0.19896190009056786
0.66,0.24,0.19892654737721732
0.68,0.24,0.19887105036457514
0.7000000000000001,0.24,0.19878398140028536
0.72,0.24,0.1986474298659482
0.74,0.24,0.19843333901241178
0.76,0.24,0.19809777863820424
0.78,0.24,0.1975719961278172
0.8,0.24,0.1967484421310118
0.8200000000000001,0.24,0.19545896166442916
0.84,0.24,0.19344077720397368
0.86,0.24,0.19028345688356418
0.88,0.24,0.18534627420642175
0.9,0.24,0.1776294704273053
0.92,0.24,0.16557374741164832
0.9400000000000001,0.24,0.14674800464213142
0.96,0.24,0.11736301202439484
0.98,0.24,0.07151389356530657
1.0,0.24,0.0
0.0,0.26,0.0
0.02,0.26,0.07156609533049597
0.04,0.26,0.11746532447530056
0.06,0.26,0.1468965472107319
0.08,0.26,0.16576336603449585
0.1,0.26,0.1778543359506842
0.12,0.26,0.1856004395949069
0.14,0.26,0.19056129250637546
0.16,0.26,0.19373725395044727
0.18,0.26,0.1957697909779335
0.2,0.26,0.19707010378080747
0.22,0.26,0.19790169082237197
0.24,0.26,0.19843333901241197
0.26,0.26,0.1987731245256056
0.28,0.26,0.19899022249135975
0.3,0.26,0.1991288916487837
0.32,0.26,0.19921743783552098
0.34,0.26,0.19927395658747002
0.36,0.26,0.1993100103999004
0.38,0.26,0.1993329820534394
0.4,0.26,0.19934757941365994
0.42,0.26,0.19935679628435088
0.44,0.26,0.19936252415616834
0.46,0.26,0.1993659391153506
0.48,0.26,0.1993677426288034
0.5,0.26,0.19936830526020954
0.52,0.26,0.19936774262880344
0.54,0.26,0.19936593911535055
0.56,0.26,0.19936252415616829
0.58,0.26,0.19935679628435082
0.6,0.26,0.19934757941365983
0.62,0.26,0.1993329820534394
0.64,0.26,0.19931001039990037
0.66,0.26,0.19927395658746996
0.68,0.26,0.19921743783552084
0.7000000000000001,0.26,0.19912889164878353
0.72,0.26,0.19899022249135973
0.74,0.26,0.19877312452560542
0.76,0.26,0.19843333901241178
0.78,0.26,0.19790169082237175
0.8,0.26,0.19707010378080728
0.8200000000000001,0.26,0.19576979097793334
0.84,0.26,0.19373725395044714
0.86,0.26,0.19056129250637532
0.88,0.26,0.18560043959490682
0.9,0.26,0.17785433595068417
0.92,0.26,0.16576336603449585
0.9400000000000001,0.26,0.14689654721073192
0.96,0.26,0.11746532447530067
0.98,0.26,0.07156609533049599
1.0,0.26,0.0
0.0,0.28,0.0
0.02,0.28,0.07159838234747588
0.04,0.28,0.11752870823063975
0.06,0.28,0.1469888031331461
0.08,0.28,0.16588150677181818
0.1,0.28,0.1779949349361655
0.12,0.28,0.18575994363512743
0.14,0.28,0.1907362780978584
0.16,0.28,0.19392460590359578
0.18,0.28,0.19596680271163658
0.2,0.28,0.19727451194807416
0.22,0.28,0.19811166253292528
0.24,0.28,0.19864742986594824
0.26,0.28,0.19899022249135984
0.28,0.28,0.19920948842337377
0.3,0.28,0.19934970319772516
0.32,0.28,0.19943934030835905
0.34,0.28,0.19949662205473534
0.36,0.28,0.1995332049481043
0.38,0.28,0.19955654032506936
0.4,0.28,0.19957138526165422
0.42,0.28,0.19958076832018484
0.44,0.28,0.1995866050650264
0.46,0.28,0.19959008776485893
0.48,0.28,0.1995919281586218
0.5,0.28,0.19959250248011923
0.52,0.28,0.19959192815862176
0.54,0.28,0.19959008776485887
0.56,0.28,0.1995866050650263
0.58,0.28,0.19958076832018476
0.6,0.28,0.19957138526165413
0.62,0.28,0.19955654032506936
0.64,0.28,0.1995332049481043
0.66,0.28,0.19949662205473534
0.68,0.28,0.19943934030835894
0.7000000000000001,0.28,0.19934970319772513
0.72,0.28,0.19920948842337377
0.74,0.28,0.19899022249135975
0.76,0.28,0.19864742986594813
0.78,0.28,0.19811166253292506
0.8,0.28,0.19727451194807388
0.8200000000000001,0.28,0.19596680271163633
0.84,0.28,0.19392460590359561
0.86,0.28,0.1907362780978583
0.88,0.28,0.18575994363512735
0.9,0.28,0.17799493493616542
0.92,0.28,0.16588150677181812
0.9400000000000001,0.28,0.14698880313314613
0.96,0.28,0.11752870823063988
0.98,0.28,0.07159838234747591
1.0,0.28,0.0
0.0,0.3,0.0
0.02,0.3,0.07161840229826297
0.04,0.3,0.11756806461276459
0.06,0.3,0.14704621094602371
0.08,0.3,0.16595522433782883
0.1,0.3,0.17808294037426523
0.12,0.3,0.18586011063860441
0.14,0.3,0.19084652596590668
0.16,0.3,0.19404301003516003
0.18,0.3,0.19609166255927013
0.2,0.3,0.19740438115654196
0.22,0.3,0.1982453500018917
0.24,0.3,0.19878398140028541
0.26,0.3,0.19912889164878367
0.28,0.3,0.19934970319772521
0.3,0.3,0.19949103304992924
0.32,0.3,0.1995814662071264
0.34,0.3,0.19963931078595523
0.36,0.3,0.19967628800233295
0.38,0.3,0.19969989710209346
0.4,0.3,0.1997149300400335
0.42,0.3,0.19972444033374487
0.44,0.3,0.1997303610318986
0.46,0.3,0.19973389627340882
0.48,0.3,0.19973576539243004
0.5,0.3,0.19973634883904748
0.52,0.3,0.19973576539242996
0.54,0.3,0.1997338962734087
0.56,0.3,0.19973036103189848
0.58,0.3,0.19972444033374476
0.6,0.3,0.19971493004003343
0.62,0.3,0.19969989710209343
0.64,0.3,0.19967628800233295
0.66,0.3,0.1996393107859552
0.68,0.3,0.19958146620712636
0.7000000000000001,0.3,0.19949103304992932
0.72,0.3,0.19934970319772516
0.74,0.3,0.1991288916487836
0.76,0.3,0.19878398140028533
0.78,0.3,0.19824535000189147
0.8,0.3,0.19740438115654174
0.8200000000000001,0.3,0.19609166255926982
0.84,0.3,0.19404301003515972
0.86,0.3,0.1908465259659065
0.88,0.3,0.1858601106386043
0.9,0.3,0.17808294037426511
0.92,0.3,0.16595522433782872
0.9400000000000001,0.3,0.14704621094602371
0.96,0.3,0.11756806461276462
0.98,0.3,0.07161840229826297
1.0,0.3,0.0
0.0,0.32,0.0
0.02,0.32,0.07163084269246396
0.04,0.32,0.11759254989868478
0.06,0.32,0.14708199388956006
0.08,0.32,0.1660012841267739
0.1,0.32,0.17813807965931525
0.12,0.32,0.1859230547068391
0.14,0.32,0.190916010285185
0.16,0.32,0.1941178477188993
0.18,0.32,0.19617078884559608
0.2,0.32,0.1974868763482402
0.22,0.32,0.19833044491819216
0.24,0.32,0.1988710503645752
0.26,0.32,0.19921743783552093
0.28,0.32,0.19943934030835903
0.3,0.32,0.1995814662071263
0.32,0.32,0.19967247392568738
0.34,0.32,0.1997307290368171
0.36,0.32,0.19976799677364548
0.38,0.32,0.1997918094613566
0.4,0.32,0.1998069834706482
0.42,0.32,0.1998165900096113
0.44,0.32,0.19982257466179398
0.46,0.32,0.1998261501591294
0.48,0.32,0.19982804137712804
0.5,0.32,0.19982863185902006
0.52,0.32,0.19982804137712804
0.54,0.32,0.19982615015912936
0.56,0.32,0.1998225746617939
0.58,0.32,0.19981659000961122
0.6,0.32,0.19980698347064813
0.62,0.32,0.19979180946135655
0.64,0.32,0.19976799677364548
0.66,0.32,0.19973072903681702
0.68,0.32,0.19967247392568732
0.7000000000000001,0.32,0.19958146620712636
0.72,0.32,0.19943934030835891
0.74,0.32,0.19921743783552084
0.76,0.32,0.19887105036457514
0.78,0.32,0.19833044491819204
0.8,0.32,0.19748687634824003
0.8200000000000001,0.32,0.1961707888455958
0.84,0.32,0.1941178477188991
0.86,0.32,0.19091601028518485
0.88,0.32,0.18592305470683895
0.9,0.32,0.17813807965931505
0.92,0.32,0.16600128412677378
0.9400000000000001,0.32,0.14708199388956
0.96,0.32,0.11759254989868476
0.98,0.32,0.07163084269246395
1.0,0.32,0.0
0.0,0.34,0.0
0.02,0.34,0.07163858711140084
0.04,0.34,0.11760780837968748
0.06,0.34,0.14710432936466983
0.08,0.34,0.1660300954457461
0.1,0.34,0.17817265536124574
0.12,0.34,0.18596262918561968
0.14,0.34,0.19095981480613203
0.16,0.34,0.19416515125343586
0.18,0.34,0.1962209265250937
0.2,0.34,0.1975392657422786
0.22,0.34,0.19838459194169988
0.24,0.34,0.19892654737721738
0.26,0.34,0.19927395658747005
0.28,0.34,0.19949662205473534
0.3,0.34,0.19963931078595518
0.32,0.34,0.19973072903681713
0.34,0.34,0.19978928046934374
0.36,0.34,0.19982675994880464
0.38,0.34,0.19985072239131063
0.4,0.34,0.19986600106572103
0.42,0.34,0.1998756795741804
0.44,0.34,0.19988171237889535
0.46,0.34,0.1998853183560128
0.48,0.34,0.19988722637335835
0.5,0.34,0.19988782221458057
0.52,0.34,0.19988722637335843
0.54,0.34,0.1998853183560128
0.56,0.34,0.1998817123788953
0.58,0.34,0.19987567957418031
0.6,0.34,0.199866001065721
0.62,0.34,0.19985072239131058
0.64,0.34,0.1998267599488046
0.66,0.34,0.19978928046934363
0.68,0.34,0.1997307290368171
0.7000000000000001,0.34,0.19963931078595518
0.72,0.34,0.1994966220547353
0.74,0.34,0.19927395658746994
0.76,0.34,0.1989265473772173
0.78,0.34,0.19838459194169983
0.8,0.34,0.1975392657422786
0.8200000000000001,0.34,0.1962209265250936
0.84,0.34,0.19416515125343572
0.86,0.34,0.1909598148061319
0.88,0.34,0.1859626291856195
0.9,0.34,0.1781726553612456
0.92,0.34,0.166030095445746
0.9400000000000001,0.34,0.1471043293646698
0.96,0.34,0.11760780837968748
0.98,0.34,0.07163858711140081
1.0,0.34,0.0
0.0,0.36,0.0
0.02,0.36,0.07164341479573201
0.04,0.36,0.11761732881993198
0.06,0.36,0.14711828561661966
0.08,0.36,0.16604813201944418
0.1,0.36,0.17819434822655097
0.12,0.36,0.18598751770538569
0.14,0.36,0.19098743146151398
0.16,0.36,0.19419504621430567
0.18,0.36,0.19625268556408312
0.2,0.36,0.1975725213025366
0.22,0.36,0.1984190281174515
0.24,0.36,0.1989619000905679
0.26,0.36,0.1993100103999004
0.28,0.36,0.19953320494810423
0.3,0.36,0.19967628800233292
0.32,0.36,0.19976799677364554
0.34,0.36,0.19982675994880467
0.36,0.36,0.19986439215067958
0.38,0.36,0.19988846356762247
0.4,0.36,0.19990381903988913
0.42,0.36,0.19991355075733003
0.44,0.36,0.1999196193993731
0.46,0.36,0.19992324818387078
0.48,0.36,0.19992516882038386
0.5,0.36,0.19992576869550166
0.52,0.36,0.19992516882038386
0.54,0.36,0.19992324818387075
0.56,0.36,0.19991961939937308
0.58,0.36,0.19991355075732994
0.6,0.36,0.1999038190398891
0.62,0.36,0.19988846356762244
0.64,0.36,0.19986439215067953
0.66,0.36,0.19982675994880464
0.68,0.36,0.19976799677364557
0.7000000000000001,0.36,0.199676288002333
0.72,0.36,0.19953320494810428
0.74,0.36,0.19931001039990032
0.76,0.36,0.19896190009056783
0.78,0.36,0.1984190281174514
0.8,0.36,0.19757252130253652
0.8200000000000001,0.36,0.19625268556408296
0.84,0.36,0.19419504621430544
0.86,0.36,0.1909874314615138
0.88,0.36,0.18598751770538557
0.9,0.36,0.1781943482265509
0.92,0.36,0.16604813201944413
0.9400000000000001,0.36,0.14711828561661966
0.96,0.36,0.11761732881993195
0.98,0.36,0.071643414795732
1.0,0.36,0.0
0.0,0.38,0.0
0.02,0.38,0.07164642621074162
0.04,0.38,0.11762327225167506
0.06,0.38,0.14712700938575662
0.08,0.38,0.16605942519274877
0.1,0.38,0.17820795746543872
0.12,0.38,0.18600316548893522
0.14,0.38,0.19100483341253532
0.16,0.38,0.19421392582105065
0.18,0.38,0.19627278532721296
0.2,0.38,0.19759361004684056
0.22,0.38,0.19844090475849196
0.24,0.38,0.19898439448581584
0.26,0.38,0.19933298205343944
0.28,0.38,0.19955654032506928
0.3,0.38,0.19969989710209335
0.32,0.38,0.1997918094613566
0.34,0.38,0.1998507223913107
0.36,0.38,0.1998884635676225
0.38,0.38,0.19991261340213495
0.4,0.38,0.19992802457686082
0.42,0.38,0.19993779516734336
0.44,0.38,0.19994389015727101
0.46,0.38,0.19994753579648736
0.48,0.38,0.19994946579288145
0.5,0.38,0.1999500686657586
0.52,0.38,0.1999494657928814
0.54,0.38,0.19994753579648736
0.56,0.38,0.19994389015727101
0.58,0.38,0.19993779516734336
0.6,0.38,0.19992802457686087
0.62,0.38,0.19991261340213487
0.64,0.38,0.1998884635676224
0.66,0.38,0.19985072239131063
0.68,0.38,0.19979180946135666
0.7000000000000001,0.38,0.19969989710209346
0.72,0.38,0.19955654032506936
0.74,0.38,0.1993329820534394
0.76,0.38,0.1989843944858158
0.78,0.38,0.19844090475849188
0.8,0.38,0.19759361004684056
0.8200000000000001,0.38,0.19627278532721285
0.84,0.38,0.19421392582105051
0.86,0.38,0.19100483341253516
0.88,0.38,0.1860031654889351
0.9,0.38,0.17820795746543858
0.92,0.38,0.16605942519274872
0.9400000000000001,0.38,0.1471270093857566
0.96,0.38,0.11762327225167504
0.98,0.38,0.07164642621074162
1.0,0.38,0.0
0.0,0.4,0.0
0.02,0.4,0.07164830303770771
0.04,0.4,0.11762697904060497
0.06,0.4,0.1471324563591343
0.08,0.4,0.1660664869389054
0.1,0.4,0.17821648244660765
0.12,0.4,0.18601298647016823
0.14,0.4,0.1910157775611485
0.16,0.4,0.1942258234943588
0.18,0.4,0.19628547694232001
0.2,0.4,0.1976069508084888
0.22,0.4,0.19845476733555834
0.24,0.4,0.1989986699379273
0.26,0.4,0.19934757941365988
0.28,0.4,0.19957138526165408
0.3,0.4,0.19971493004003338
0.32,0.4,0.19980698347064818
0.34,0.4,0.19986600106572108
0.36,0.4,0.1999038190398892
0.38,0.4,0.1999280245768608
0.4,0.4,0.1999434756134482
0.42,0.4,0.19995327421138037
0.44,0.4,0.19995938829733448
0.46,0.4,0.19996304621122374
0.48,0.4,0.1999649830474723
0.5,0.4,0.19996558811492152
0.52,0.4,0.19996498304747215
0.54,0.4,0.19996304621122368
0.56,0.4,0.19995938829733445
0.58,0.4,0.19995327421138032
0.6,0.4,0.19994347561344816
0.62,0.4,0.19992802457686087
0.64,0.4,0.19990381903988913
0.66,0.4,0.19986600106572103
0.68,0.4,0.19980698347064824
0.7000000000000001,0.4,0.19971493004003343
0.72,0.4,0.19957138526165408
0.74,0.4,0.19934757941365988
0.76,0.4,0.19899866993792725
0.78,0.4,0.19845476733555822
0.8,0.4,0.19760695080848872
0.8200000000000001,0.4,0.19628547694231993
0.84,0.4,0.19422582349435868
0.86,0.4,0.1910157775611484
0.88,0.4,0.1860129864701681
0.9,0.4,0.17821648244660748
0.92,0.4,0.16606648693890536
0.9400000000000001,0.4,0.14713245635913424
0.96,0.4,0.11762697904060496
0.98,0.4,0.07164830303770774
1.0,0.4,0.0
0.0,0.42,0.0
0.02,0.42,0.07164946750702589
0.04,0.42,0.11762928032202392
0.06,0.42,0.1471358413430971
0.08,0.42,0.166070881144912
0.1,0.42,0.17822179540123972
0.12,0.42,0.1860191176780151
0.14,0.42,0.19102262237976136
0.16,0.42,0.19423327835178755
0.18,0.42,0.19629344352768355
0.2,0.42,0.19761533907093418
0.22,0.42,0.19846349730443685
0.24,0.42,0.1990076725042604
0.26,0.42,0.1993567962843508
0.28,0.42,0.19958076832018473
0.3,0.42,0.1997244403337447
0.32,0.42,0.19981659000961124
0.34,0.42,0.19987567957418043
0.36,0.42,0.1999135507573301
0.38,0.42,0.1999377951673435
0.4,0.42,0.19995327421138043
0.42,0.42,0.1999630926096715
0.44,0.42,0.19996922026892966
0.46,0.42,0.1999728869458457
0.48,0.42,0.19997482868035682
0.5,0.42,0.19997543532196735
0.52,0.42,0.19997482868035676
0.54,0.42,0.19997288694584558
0.56,0.42,0.1999692202689296
0.58,0.42,0.19996309260967143
0.6,0.42,0.19995327421138032
0.62,0.42,0.1999377951673434
0.64,0.42,0.19991355075733003
0.66,0.42,0.19987567957418045
0.68,0.42,0.19981659000961133
0.7000000000000001,0.42,0.1997244403337448
0.72,0.42,0.19958076832018476
0.74,0.42,0.19935679628435077
0.76,0.42,0.1990076725042605
0.78,0.42,0.19846349730443677
0.8,0.42,0.19761533907093407
0.8200000000000001,0.42,0.1962934435276835
0.84,0.42,0.1942332783517875
0.86,0.42,0.19102262237976134
0.88,0.42,0.18601911767801502
0.9,0.42,0.1782217954012396
0.92,0.42,0.16607088114491195
0.9400000000000001,0.42,0.147135841343097
0.96,0.42,0.11762928032202391
0.98,0.42,0.07164946750702589
1.0,0.42,0.0
0.0,0.44,0.0
0.02,0.44,0.07165018016977706
0.04,0.44,0.11763068946177258
0.06,0.44,0.1471379158149375
0.08,0.44,0.1660735771253882
0.1,0.44,0.17822505941567215
0.12,0.44,0.1860228899964942
0.14,0.44,0.1910268404040467
0.16,0.44,0.19423787967570394
0.18,0.44,0.19629836845122917
0.2,0.44,0.19762053245731415
0.22,0.44,0.19846890976788176
0.24,0.44,0.1990132609911791
0.26,0.44,0.19936252415616823
0.28,0.44,0.19958660506502626
0.3,0.44,0.19973036103189848
0.32,0.44,0.19982257466179382
0.34,0.44,0.19988171237889538
0.36,0.44,0.19991961939937317
0.38,0.44,0.19994389015727107
0.4,0.44,0.1999593882973345
0.42,0.44,0.1999692202689297
0.44,0.44,0.19997535727665297
0.46,0.44,0.19997903001204165
0.48,0.44,0.19998097514221339
0.5,0.44,0.19998158287662757
0.52,0.44,0.1999809751422134
0.54,0.44,0.19997903001204154
0.56,0.44,0.1999753572766529
0.58,0.44,0.19996922026892958
0.6,0.44,0.19995938829733445
0.62,0.44,0.19994389015727101
0.64,0.44,0.19991961939937308
0.66,0.44,0.19988171237889538
0.68,0.44,0.19982257466179404
0.7000000000000001,0.44,0.1997303610318986
0.72,0.44,0.19958660506502632
0.74,0.44,0.19936252415616826
0.76,0.44,0.19901326099117908
0.78,0.44,0.19846890976788167
0.8,0.44,0.1976205324573141
0.8200000000000001,0.44,0.19629836845122914
0.84,0.44,0.19423787967570388
0.86,0.44,0.1910268404040466
0.88,0.44,0.18602288999649405
0.9,0.44,0.17822505941567207
0.92,0.44,0.1660735771253881
0.9400000000000001,0.44,0.14713791581493738
0.96,0.44,0.11763068946177255
0.98,0.44,0.07165018016977705
1.0,0.44,0.0
0.0,0.46,0.0
0.02,0.46,0.07165059974426517
0.04,0.46,0.11763151943270636
0.06,0.46,0.1471391384924795
0.08,0.46,0.1660751675511088
0.1,0.46,0.17822698702270093
0.12,0.46,0.18602512048754147
0.14,0.46,0.19102933764503652
0.16,0.46,0.1942406074308933
0.18,0.46,0.19630129183446104
0.2,0.46,0.19762361903067432
0.22,0.46,0.1984721302721731
0.24,0.46,0.1990165897346417
0.26,0.46,0.19936593911535053
0.28,0.46,0.19959008776485887
0.3,0.46,0.19973389627340873
0.32,0.46,0.1998261501591294
0.34,0.46,0.19988531835601292
0.36,0.46,0.19992324818387083
0.38,0.46,0.19994753579648744
0.4,0.46,0.1999630462112238
0.42,0.46,0.19997288694584578
0.44,0.46,0.19997903001204168
0.46,0.46,0.19998270668586282
0.48,0.46,0.1999846540282703
0.5,0.46,0.19998526247544152
0.52,0.46,0.19998465402827026
0.54,0.46,0.19998270668586277
0.56,0.46,0.1999790300120416
0.58,0.46,0.19997288694584567
0.6,0.46,0.19996304621122377
0.62,0.46,0.1999475357964874
0.64,0.46,0.19992324818387078
0.66,0.46,0.19988531835601286
0.68,0.46,0.19982615015912952
0.7000000000000001,0.46,0.19973389627340885
0.72,0.46,0.19959008776485895
0.74,0.46,0.19936593911535053
0.76,0.46,0.1990165897346417
0.78,0.46,0.198472130272173
0.8,0.46,0.19762361903067427
0.8200000000000001,0.46,0.19630129183446096
0.84,0.46,0.19424060743089325
0.86,0.46,0.19102933764503643
0.88,0.46,0.18602512048754127
0.9,0.46,0.1782269870227008
0.92,0.46,0.16607516755110874
0.9400000000000001,0.46,0.14713913849247942
0.96,0.46,0.1176315194327063
0.98,0.46,0.07165059974426516
1.0,0.46,0.0
0.0,0.48,0.0
0.02,0.48,0.07165081932343031
0.04,0.48,0.11763195391884938
0.06,0.48,0.14713977886966126
0.08,0.48,0.16607600107408843
0.1,0.48,0.17822799804102143
0.12,0.48,0.1860262913834424
0.14,0.48,0.19103064978667209
0.16,0.48,0.19424204205455028
0.18,0.48,0.19630283079193972
0.2,0.48,0.197625245364884
0.22,0.48,0.19847382860992915
0.24,0.48,0.1990183465067925
0.26,0.48,0.19936774262880336
0.28,0.48,0.1995919281586218
0.3,0.48,0.19973576539243
0.32,0.48,0.1998280413771281
0.34,0.48,0.19988722637335846
0.36,0.48,0.19992516882038402
0.38,0.48,0.1999494657928815
0.4,0.48,0.19996498304747234
0.42,0.48,0.1999748286803569
0.44,0.48,0.19998097514221339
0.46,0.48,0.1999846540282703
0.48,0.48,0.1999866026152174
0.5,0.48,0.1999872114636862
0.52,0.48,0.19998660261521736
0.54,0.48,0.1999846540282703
0.56,0.48,0.19998097514221347
0.58,0.48,0.19997482868035682
0.6,0.48,0.19996498304747226
0.62,0.48,0.19994946579288148
0.64,0.48,0.19992516882038391
0.66,0.48,0.19988722637335846
0.68,0.48,0.19982804137712806
0.7000000000000001,0.48,0.1997357653924301
0.72,0.48,0.19959192815862184
0.74,0.48,0.19936774262880338
0.76,0.48,0.19901834650679243
0.78,0.48,0.19847382860992904
0.8,0.48,0.1976252453648838
0.8200000000000001,0.48,0.19630283079193947
0.84,0.48,0.19424204205455015
0.86,0.48,0.19103064978667203
0.88,0.48,0.18602629138344234
0.9,0.48,0.1782279980410214
0.92,0.48,0.16607600107408835
0.9400000000000001,0.48,0.14713977886966118
0.96,0.48,0.11763195391884931
0.98,0.48,0.0716508193234303
1.0,0.48,0.0
0.0,0.5,0.0
0.02,0.5,0.07165088749529291
0.04,0.5,0.11763208883336951
0.06,0.5,0.14713997776716
0.08,0.5,0.16607626004937986
0.1,0.5,0.17822831229205854
0.12,0.5,0.18602665549522313
0.14,0.5,0.19103105802099368
0.16,0.5,0.19424248861960608
0.18,0.5,0.19630331007225127
0.2,0.5,0.1976257520999696
0.22,0.5,0.19847435801785288
0.24,0.5,0.1990188943551542
0.26,0.5,0.19936830526020946
0.28,0.5,0.19959250248011912
0.3,0.5,0.19973634883904745
0.32,0.5,0.1998286318590201
0.34,0.5,0.19988782221458068
0.36,0.5,0.19992576869550177
0.38,0.5,0.19995006866575862
0.4,0.5,0.1999655881149216
0.42,0.5,0.19997543532196735
0.44,0.5,0.19998158287662754
0.46,0.5,0.19998526247544152
0.48,0.5,0.19998721146368623
0.5,0.5,0.19998782044160593
0.52,0.5,0.19998721146368623
0.54,0.5,0.1999852624754415
0.56,0.5,0.19998158287662757
0.58,0.5,0.19997543532196735
0.6,0.5,0.1999655881149215
0.62,0.5,0.19995006866575857
0.64,0.5,0.19992576869550163
0.66,0.5,0.19988782221458062
0.68,0.5,0.19982863185902006
0.7000000000000001,0.5,0.19973634883904748
0.72,0.5,0.19959250248011914
0.74,0.5,0.19936830526020954
0.76,0.5,0.1990188943551541
0.78,0.5,0.1984743580178528
0.8,0.5,0.1976257520999694
0.8200000000000001,0.5,0.196303310072251
0.84,0.5,0.19424248861960589
0.86,0.5,0.19103105802099357
0.88,0.5,0.18602665549522304
0.9,0.5,0.1782283122920585
0.92,0.5,0.1660762600493798
0.9400000000000001,0.5,0.1471399777671599
0.96,0.5,0.11763208883336938
0.98,0.5,0.07165088749529284
1.0,0.5,0.0
0.0,0.52,0.0
0.02,0.52,0.07165081932343038
0.04,0.52,0.11763195391884948
0.06,0.52,0.1471397788696614
0.08,0.52,0.1660760010740885
0.1,0.52,0.17822799804102157
0.12,0.52,0.18602629138344245
0.14,0.52,0.19103064978667214
0.16,0.52,0.1942420420545503
0.18,0.52,0.19630283079193972
0.2,0.52,0.1976252453648841
0.22,0.52,0.1984738286099293
0.24,0.52,0.19901834650679262
0.26,0.52,0.19936774262880347
0.28,0.52,0.1995919281586218
0.3,0.52,0.19973576539243004
0.32,0.52,0.19982804137712817
0.34,0.52,0.19988722637335848
0.36,0.52,0.19992516882038397
0.38,0.52,0.19994946579288153
0.4,0.52,0.19996498304747234
0.42,0.52,0.19997482868035688
0.44,0.52,0.1999809751422134
0.46,0.52,0.19998465402827034
0.48,0.52,0.19998660261521742
0.5,0.52,0.19998721146368625
0.52,0.52,0.19998660261521742
0.54,0.52,0.19998465402827026
0.56,0.52,0.19998097514221344
0.58,0.52,0.19997482868035685
0.6,0.52,0.19996498304747226
0.62,0.52,0.19994946579288142
0.64,0.52,0.19992516882038394
0.66,0.52,0.19988722637335843
0.68,0.52,0.1998280413771281
0.7000000000000001,0.52,0.19973576539243
0.72,0.52,0.1995919281586217
0.74,0.52,0.19936774262880336
0.76,0.52,0.19901834650679245
0.78,0.52,0.19847382860992901
0.8,0.52,0.19762524536488382
0.8200000000000001,0.52,0.19630283079193944
0.84,0.52,0.19424204205455003
0.86,0.52,0.19103064978667197
0.88,0.52,0.18602629138344234
0.9,0.52,0.17822799804102146
0.92,0.52,0.16607600107408843
0.9400000000000001,0.52,0.14713977886966123
0.96,0.52,0.11763195391884936
0.98,0.52,0.07165081932343033
1.0,0.52,0.0
0.0,0.54,0.0
0.02,0.54,0.07165059974426521
0.04,0.54,0.11763151943270642
0.06,0.54,0.1471391384924796
0.08,0.54,0.16607516755110888
0.1,0.54,0.17822698702270098
0.12,0.54,0.1860251204875415
0.14,0.54,0.1910293376450366
0.16,0.54,0.1942406074308933
0.18,0.54,0.19630129183446107
0.2,0.54,0.1976236190306745
0.22,0.54,0.19847213027217334
0.24,0.54,0.19901658973464198
0.26,0.54,0.19936593911535067
0.28,0.54,0.199590087764859
0.3,0.54,0.19973389627340887
0.32,0.54,0.19982615015912958
0.34,0.54,0.1998853183560129
0.36,0.54,0.19992324818387083
0.38,0.54,0.19994753579648747
0.4,0.54,0.1999630462112238
0.42,0.54,0.19997288694584575
0.44,0.54,0.19997903001204173
0.46,0.54,0.19998270668586293
0.48,0.54,0.19998465402827034
0.5,0.54,0.19998526247544157
0.52,0.54,0.19998465402827026
0.54,0.54,0.19998270668586282
0.56,0.54,0.19997903001204165
0.58,0.54,0.19997288694584575
0.6,0.54,0.19996304621122382
0.62,0.54,0.19994753579648739
0.64,0.54,0.19992324818387075
0.66,0.54,0.1998853183560128
0.68,0.54,0.1998261501591294
0.7000000000000001,0.54,0.19973389627340873
0.72,0.54,0.19959008776485884
0.74,0.54,0.1993659391153505
0.76,0.54,0.19901658973464165
0.78,0.54,0.19847213027217295
0.8,0.54,0.1976236190306742
0.8200000000000001,0.54,0.1963012918344609
0.84,0.54,0.19424060743089305
0.86,0.54,0.19102933764503632
0.88,0.54,0.18602512048754133
0.9,0.54,0.17822698702270087
0.92,0.54,0.1660751675511088
0.9400000000000001,0.54,0.1471391384924795
0.96,0.54,0.11763151943270635
0.98,0.54,0.07165059974426519
1.0,0.54,0.0
0.0,0.56,0.0
0.02,0.56,0.07165018016977709
0.04,0.56,0.1176306894617726
0.06,0.56,0.1471379158149375
0.08,0.56,0.16607357712538817
0.1,0.56,0.17822505941567218
0.12,0.56,0.18602288999649422
0.14,0.56,0.1910268404040467
0.16,0.56,0.19423787967570394
0.18,0.56,0.19629836845122922
0.2,0.56,0.1976205324573142
0.22,0.56,0.19846890976788184
0.24,0.56,0.19901326099117922
0.26,0.56,0.19936252415616834
0.28,0.56,0.1995866050650264
0.3,0.56,0.19973036103189862
0.32,0.56,0.19982257466179407
0.34,0.56,0.19988171237889538
0.36,0.56,0.1999196193993732
0.38,0.56,0.19994389015727115
0.4,0.56,0.19995938829733462
0.42,0.56,0.19996922026892977
0.44,0.56,0.1999753572766531
0.46,0.56,0.1999790300120417
0.48,0.56,0.19998097514221352
0.5,0.56,0.19998158287662762
0.52,0.56,0.19998097514221344
0.54,0.56,0.19997903001204165
0.56,0.56,0.19997535727665303
0.58,0.56,0.19996922026892974
0.6,0.56,0.19995938829733456
0.62,0.56,0.19994389015727107
0.64,0.56,0.19991961939937308
0.66,0.56,0.19988171237889524
0.68,0.56,0.19982257466179393
0.7000000000000001,0.56,0.19973036103189848
0.72,0.56,0.1995866050650262
0.74,0.56,0.19936252415616817
0.76,0.56,0.199013260991179
0.78,0.56,0.1984689097678816
0.8,0.56,0.197620532457314
0.8200000000000001,0.56,0.19629836845122908
0.84,0.56,0.19423787967570375
0.86,0.56,0.1910268404040465
0.88,0.56,0.18602288999649402
0.9,0.56,0.1782250594156721
0.92,0.56,0.16607357712538814
0.9400000000000001,0.56,0.14713791581493746
0.96,0.56,0.11763068946177256
0.98,0.56,0.07165018016977708
1.0,0.56,0.0
0.0,0.58,0.0
0.02,0.58,0.0716494675070259
0.04,0.58,0.11762928032202398
0.06,0.58,0.1471358413430971
0.08,0.58,0.166070881144912
0.1,0.58,0.1782217954012397
0.12,0.58,0.18601911767801516
0.14,0.58,0.1910226223797614
0.16,0.58,0.1942332783517875
0.18,0.58,0.19629344352768346
0.2,0.58,0.1976153390709341
0.22,0.58,0.19846349730443683
0.24,0.58,0.1990076725042605
0.26,0.58,0.19935679628435088
0.28,0.58,0.19958076832018484
0.3,0.58,0.19972444033374487
0.32,0.58,0.19981659000961138
0.34,0.58,0.19987567957418045
0.36,0.58,0.1999135507573301
0.38,0.58,0.1999377951673435
0.4,0.58,0.1999532742113805
0.42,0.58,0.19996309260967163
0.44,0.58,0.1999692202689298
0.46,0.58,0.1999728869458458
0.48,0.58,0.19997482868035693
0.5,0.58,0.19997543532196738
0.52,0.58,0.19997482868035688
0.54,0.58,0.19997288694584575
0.56,0.58,0.19996922026892977
0.58,0.58,0.19996309260967154
0.6,0.58,0.19995327421138037
0.62,0.58,0.19993779516734334
0.64,0.58,0.19991355075732997
0.66,0.58,0.1998756795741803
0.68,0.58,0.1998165900096111
0.7000000000000001,0.58,0.19972444033374465
0.72,0.58,0.19958076832018468
0.74,0.58,0.19935679628435066
0.76,0.58,0.19900767250426038
0.78,0.58,0.1984634973044367
0.8,0.58,0.19761533907093395
0.8200000000000001,0.58,0.19629344352768338
0.84,0.58,0.1942332783517873
0.86,0.58,0.19102262237976123
0.88,0.58,0.186019117678015
0.9,0.58,0.17822179540123972
0.92,0.58,0.166070881144912
0.9400000000000001,0.58,0.1471358413430971
0.96,0.58,0.11762928032202395
0.98,0.58,0.07164946750702589
1.0,0.58,0.0
0.0,0.6,0.0
0.02,0.6,0.07164830303770775
0.04,0.6,0.11762697904060504
0.06,0.6,0.14713245635913433
0.08,0.6,0.16606648693890544
0.1,0.6,0.17821648244660762
0.12,0.6,0.18601298647016817
0.14,0.6,0.19101577756114843
0.16,0.6,0.19422582349435868
0.18,0.6,0.19628547694231993
0.2,0.6,0.19760695080848875
0.22,0.6,0.19845476733555828
0.24,0.6,0.19899866993792728
0.26,0.6,0.19934757941365988
0.28,0.6,0.19957138526165422
0.3,0.6,0.19971493004003354
0.32,0.6,0.19980698347064835
0.34,0.6,0.1998660010657211
0.36,0.6,0.19990381903988924
0.38,0.6,0.19992802457686093
0.4,0.6,0.19994347561344838
0.42,0.6,0.19995327421138068
0.44,0.6,0.1999593882973346
0.46,0.6,0.19996304621122382
0.48,0.6,0.19996498304747234
0.5,0.6,0.19996558811492152
0.52,0.6,0.19996498304747223
0.54,0.6,0.19996304621122385
0.56,0.6,0.1999593882973346
0.58,0.6,0.19995327421138043
0.6,0.6,0.19994347561344822
0.62,0.6,0.1999280245768608
0.64,0.6,0.19990381903988907
0.66,0.6,0.19986600106572094
0.68,0.6,0.19980698347064804
0.7000000000000001,0.6,0.19971493004003332
0.72,0.6,0.199571385261654
0.74,0.6,0.19934757941365977
0.76,0.6,0.19899866993792717
0.78,0.6,0.1984547673355582
0.8,0.6,0.19760695080848867
0.8200000000000001,0.6,0.19628547694231985
0.84,0.6,0.19422582349435852
0.86,0.6,0.19101577756114835
0.88,0.6,0.18601298647016812
0.9,0.6,0.17821648244660757
0.92,0.6,0.1660664869389054
0.9400000000000001,0.6,0.14713245635913436
0.96,0.6,0.11762697904060504
0.98,0.6,0.07164830303770775
1.0,0.6,0.0
0.0,0.62,0.0
0.02,0.62,0.07164642621074163
0.04,0.62,0.11762327225167507
0.06,0.62,0.14712700938575665
0.08,0.62,0.1660594251927488
0.1,0.62,0.17820795746543872
0.12,0.62,0.18600316548893517
0.14,0.62,0.19100483341253527
0.16,0.62,0.19421392582105051
0.18,0.62,0.19627278532721285
0.2,0.62,0.19759361004684045
0.22,0.62,0.19844090475849194
0.24,0.62,0.19898439448581584
0.26,0.62,0.19933298205343947
0.28,0.62,0.19955654032506953
0.3,0.62,0.19969989710209357
0.32,0.62,0.19979180946135686
0.34,0.62,0.1998507223913108
0.36,0.62,0.19988846356762258
0.38,0.62,0.199912613402135
0.4,0.62,0.19992802457686099
0.42,0.62,0.19993779516734358
0.44,0.62,0.19994389015727115
0.46,0.62,0.19994753579648739
0.48,0.62,0.19994946579288148
0.5,0.62,0.1999500686657586
0.52,0.62,0.19994946579288145
0.54,0.62,0.19994753579648752
0.56,0.62,0.19994389015727124
0.58,0.62,0.1999377951673435
0.6,0.62,0.1999280245768609
0.62,0.62,0.19991261340213484
0.64,0.62,0.1998884635676224
0.66,0.62,0.19985072239131063
0.68,0.62,0.19979180946135652
0.7000000000000001,0.62,0.1996998971020933
0.72,0.62,0.1995565403250692
0.74,0.62,0.19933298205343924
0.76,0.62,0.1989843944858157
0.78,0.62,0.19844090475849183
0.8,0.62,0.1975936100468404
0.8200000000000001,0.62,0.19627278532721276
0.84,0.62,0.19421392582105046
0.86,0.62,0.19100483341253516
0.88,0.62,0.18600316548893508
0.9,0.62,0.1782079574654386
0.92,0.62,0.16605942519274866
0.9400000000000001,0.62,0.14712700938575657
0.96,0.62,0.11762327225167504
0.98,0.62,0.07164642621074162
1.0,0.62,0.0
0.0,0.64,0.0
0.02,0.64,0.07164341479573198
0.04,0.64,0.11761732881993192
0.06,0.64,0.14711828561661966
0.08,0.64,0.16604813201944416
0.1,0.64,0.17819434822655095
0.12,0.64,0.18598751770538563
0.14,0.64,0.19098743146151387
0.16,0.64,0.19419504621430556
0.18,0.64,0.19625268556408304
0.2,0.64,0.1975725213025366
0.22,0.64,0.19841902811745152
0.24,0.64,0.1989619000905679
0.26,0.64,0.1993100103999005
0.28,0.64,0.1995332049481045
0.3,0.64,0.19967628800233317
0.32,0.64,0.19976799677364576
0.34,0.64,0.19982675994880478
0.36,0.64,0.19986439215067967
0.38,0.64,0.19988846356762255
0.4,0.64,0.1999038190398893
0.42,0.64,0.1999135507573301
0.44,0.64,0.1999196193993732
0.46,0.64,0.19992324818387092
0.48,0.64,0.19992516882038397
0.5,0.64,0.19992576869550174
0.52,0.64,0.19992516882038397
0.54,0.64,0.19992324818387094
0.56,0.64,0.1999196193993733
0.58,0.64,0.19991355075733008
0.6,0.64,0.19990381903988919
0.62,0.64,0.19988846356762247
0.64,0.64,0.19986439215067955
0.66,0.64,0.1998267599488046
0.68,0.64,0.1997679967736455
0.7000000000000001,0.64,0.19967628800233286
0.72,0.64,0.1995332049481041
0.74,0.64,0.19931001039990015
0.76,0.64,0.1989619000905677
0.78,0.64,0.19841902811745138
0.8,0.64,0.19757252130253644
0.8200000000000001,0.64,0.19625268556408293
0.84,0.64,0.19419504621430544
0.86,0.64,0.19098743146151378
0.88,0.64,0.18598751770538552
0.9,0.64,0.1781943482265509
0.92,0.64,0.16604813201944407
0.9400000000000001,0.64,0.14711828561661958
0.96,0.64,0.11761732881993188
0.98,0.64,0.07164341479573197
1.0,0.64,0.0
0.0,0.66,0.0
0.02,0.66,0.0716385871114008
0.04,0.66,0.11760780837968746
0.06,0.66,0.14710432936466983
0.08,0.66,0.1660300954457461
0.1,0.66,0.1781726553612456
0.12,0.66,0.18596262918561957
0.14,0.66,0.19095981480613192
0.16,0.66,0.19416515125343575
0.18,0.66,0.19622092652509365
0.2,0.66,0.1975392657422787
0.22,0.66,0.1983845919417
0.24,0.66,0.19892654737721743
0.26,0.66,0.19927395658747013
0.28,0.66,0.1994966220547355
0.3,0.66,0.1996393107859553
0.32,0.66,0.1997307290368172
0.34,0.66,0.1997892804693438
0.36,0.66,0.19982675994880478
0.38,0.66,0.19985072239131077
0.4,0.66,0.19986600106572117
0.42,0.66,0.19987567957418045
0.44,0.66,0.1998817123788954
0.46,0.66,0.19988531835601298
0.48,0.66,0.19988722637335857
0.5,0.66,0.19988782221458073
0.52,0.66,0.19988722637335857
0.54,0.66,0.199885318356013
0.56,0.66,0.19988171237889552
0.58,0.66,0.19987567957418045
0.6,0.66,0.19986600106572103
0.62,0.66,0.19985072239131063
0.64,0.66,0.1998267599488046
0.66,0.66,0.19978928046934366
0.68,0.66,0.19973072903681705
0.7000000000000001,0.66,0.1996393107859551
0.72,0.66,0.19949662205473523
0.74,0.66,0.19927395658746982
0.76,0.66,0.19892654737721718
0.78,0.66,0.19838459194169977
0.8,0.66,0.19753926574227848
0.8200000000000001,0.66,0.19622092652509351
0.84,0.66,0.19416515125343572
0.86,0.66,0.1909598148061319
0.88,0.66,0.18596262918561945
0.9,0.66,0.17817265536124555
0.92,0.66,0.16603009544574598
0.9400000000000001,0.66,0.14710432936466974
0.96,0.66,0.1176078083796874
0.98,0.66,0.07163858711140078
1.0,0.66,0.0
0.0,0.68,0.0
0.02,0.68,0.07163084269246393
0.04,0.68,0.11759254989868477
0.06,0.68,0.14708199388956003
0.08,0.68,0.16600128412677384
0.1,0.68,0.17813807965931516
0.12,0.68,0.18592305470683906
0.14,0.68,0.1909160102851849
0.16,0.68,0.19411784771889914
0.18,0.68,0.1961707888455959
0.2,0.68,0.19748687634824016
0.22,0.68,0.19833044491819216
0.24,0.68,0.19887105036457522
0.26,0.68,0.19921743783552098
0.28,0.68,0.19943934030835908
0.3,0.68,0.19958146620712652
0.32,0.68,0.1996724739256875
0.34,0.68,0.1997307290368172
0.36,0.68,0.1997679967736457
0.38,0.68,0.19979180946135675
0.4,0.68,0.1998069834706483
0.42,0.68,0.19981659000961133
0.44,0.68,0.19982257466179398
0.46,0.68,0.19982615015912958
0.48,0.68,0.19982804137712823
0.5,0.68,0.19982863185902017
0.52,0.68,0.19982804137712815
0.54,0.68,0.19982615015912952
0.56,0.68,0.19982257466179407
0.58,0.68,0.19981659000961133
0.6,0.68,0.19980698347064818
0.62,0.68,0.1997918094613566
0.64,0.68,0.1997679967736455
0.66,0.68,0.19973072903681707
0.68,0.68,0.19967247392568732
0.7000000000000001,0.68,0.1995814662071263
0.72,0.68,0.19943934030835891
0.74,0.68,0.19921743783552082
0.76,0.68,0.19887105036457503
0.78,0.68,0.19833044491819185
0.8,0.68,0.19748687634823994
0.8200000000000001,0.68,0.1961707888455958
0.84,0.68,0.19411784771889906
0.86,0.68,0.1909160102851849
0.88,0.68,0.18592305470683895
0.9,0.68,0.17813807965931508
0.92,0.68,0.16600128412677376
0.9400000000000001,0.68,0.14708199388955992
0.96,0.68,0.11759254989868466
0.98,0.68,0.07163084269246389
1.0,0.68,0.0
0.0,0.7000000000000001,0.0
0.02,0.7000000000000001,0.07161840229826294
0.04,0.7000000000000001,0.11756806461276458
0.06,0.7000000000000001,0.14704621094602366
0.08,0.7000000000000001,0.16595522433782875
0.1,0.7000000000000001,0.17808294037426511
0.12,0.7000000000000001,0.1858601106386043
0.14,0.7000000000000001,0.19084652596590646
0.16,0.7000000000000001,0.19404301003515984
0.18,0.7000000000000001,0.19609166255927002
0.2,0.7000000000000001,0.1974043811565419
0.22,0.7000000000000001,0.19824535000189158
0.24,0.7000000000000001,0.1987839814002854
0.26,0.7000000000000001,0.19912889164878364
0.28,0.7000000000000001,0.19934970319772516
0.3,0.7000000000000001,0.1994910330499294
0.32,0.7000000000000001,0.19958146620712644
0.34,0.7000000000000001,0.19963931078595526
0.36,0.7000000000000001,0.1996762880023331
0.38,0.7000000000000001,0.19969989710209357
0.4,0.7000000000000001,0.19971493004003357
0.42,0.7000000000000001,0.19972444033374484
0.44,0.7000000000000001,0.19973036103189862
0.46,0.7000000000000001,0.19973389627340887
0.48,0.7000000000000001,0.19973576539243013
0.5,0.7000000000000001,0.1997363488390476
0.52,0.7000000000000001,0.1997357653924301
0.54,0.7000000000000001,0.19973389627340882
0.56,0.7000000000000001,0.19973036103189856
0.58,0.7000000000000001,0.1997244403337448
0.6,0.7000000000000001,0.19971493004003343
0.62,0.7000000000000001,0.19969989710209343
0.64,0.7000000000000001,0.19967628800233297
0.66,0.7000000000000001,0.1996393107859551
0.68,0.7000000000000001,0.19958146620712636
0.7000000000000001,0.7000000000000001,0.19949103304992924
0.72,0.7000000000000001,0.1993497031977251
0.74,0.7000000000000001,0.19912889164878356
0.76,0.7000000000000001,0.19878398140028525
0.78,0.7000000000000001,0.1982453500018914
0.8,0.7000000000000001,0.19740438115654171
0.8200000000000001,0.7000000000000001,0.19609166255926994
0.84,0.7000000000000001,0.19404301003515978
0.86,0.7000000000000001,0.1908465259659064
0.88,0.7000000000000001,0.18586011063860422
0.9,0.7000000000000001,0.1780829403742651
0.92,0.7000000000000001,0.16595522433782867
0.9400000000000001,0.7000000000000001,0.14704621094602355
0.96,0.7000000000000001,0.11756806461276452
0.98,0.7000000000000001,0.07161840229826293
1.0,0.7000000000000001,0.0
0.0,0.72,0.0
0.02,0.72,0.07159838234747584
0.04,0.72,0.11752870823063974
0.06,0.72,0.14698880313314605
0.08,0.72,0.16588150677181812
0.1,0.72,0.1779949349361654
0.12,0.72,0.18575994363512732
0.14,0.72,0.1907362780978583
0.16,0.72,0.1939246059035957
0.18,0.72,0.1959668027116365
0.2,0.72,0.1972745119480741
0.22,0.72,0.1981116625329252
0.24,0.72,0.19864742986594822
0.26,0.72,0.1989902224913598
0.28,0.72,0.19920948842337383
0.3,0.72,0.19934970319772527
0.32,0.72,0.19943934030835908
0.34,0.72,0.19949662205473545
0.36,0.72,0.19953320494810442
0.38,0.72,0.19955654032506942
0.4,0.72,0.19957138526165424
0.42,0.72,0.1995807683201848
0.44,0.72,0.19958660506502637
0.46,0.72,0.19959008776485898
0.48,0.72,0.19959192815862187
0.5,0.72,0.19959250248011928
0.52,0.72,0.19959192815862187
0.54,0.72,0.19959008776485898
0.56,0.72,0.19958660506502635
0.58,0.72,0.19958076832018473
0.6,0.72,0.19957138526165408
0.62,0.72,0.19955654032506928
0.64,0.72,0.19953320494810423
0.66,0.72,0.19949662205473528
0.68,0.72,0.19943934030835897
0.7000000000000001,0.72,0.19934970319772513
0.72,0.72,0.19920948842337374
0.74,0.72,0.1989902224913597
0.76,0.72,0.19864742986594802
0.78,0.72,0.198111662532925
0.8,0.72,0.19727451194807394
0.8200000000000001,0.72,0.19596680271163638
0.84,0.72,0.1939246059035957
0.86,0.72,0.19073627809785831
0.88,0.72,0.18575994363512727
0.9,0.72,0.17799493493616533
0.92,0.72,0.16588150677181804
0.9400000000000001,0.72,0.14698880313314597
0.96,0.72,0.11752870823063973
0.98,0.72,0.07159838234747587
1.0,0.72,0.0
0.0,0.74,0.0
0.02,0.74,0.07156609533049593
0.04,0.74,0.11746532447530056
0.06,0.74,0.1468965472107319
0.08,0.74,0.16576336603449585
0.1,0.74,0.17785433595068417
0.12,0.74,0.18560043959490685
0.14,0.74,0.1905612925063754
0.16,0.74,0.19373725395044725
0.18,0.74,0.1957697909779335
0.2,0.74,0.1970701037808075
0.22,0.74,0.19790169082237194
0.24,0.74,0.19843333901241195
0.26,0.74,0.1987731245256056
0.28,0.74,0.19899022249135984
0.3,0.74,0.19912889164878364
0.32,0.74,0.19921743783552093
0.34,0.74,0.19927395658747007
0.36,0.74,0.19931001039990043
0.38,0.74,0.1993329820534394
0.4,0.74,0.19934757941365996
0.42,0.74,0.1993567962843508
0.44,0.74,0.19936252415616829
0.46,0.74,0.19936593911535053
0.48,0.74,0.1993677426288034
0.5,0.74,0.19936830526020957
0.52,0.74,0.1993677426288034
0.54,0.74,0.1993659391153506
0.56,0.74,0.19936252415616823
0.58,0.74,0.19935679628435077
0.6,0.74,0.19934757941365985
0.62,0.74,0.1993329820534393
0.64,0.74,0.1993100103999002
0.66,0.74,0.19927395658746982
0.68,0.74,0.19921743783552076
0.7000000000000001,0.74,0.19912889164878356
0.72,0.74,0.19899022249135973
0.74,0.74,0.19877312452560547
0.76,0.74,0.19843333901241175
0.78,0.74,0.19790169082237163
0.8,0.74,0.19707010378080725
0.8200000000000001,0.74,0.19576979097793334
0.84,0.74,0.1937372539504472
0.86,0.74,0.19056129250637535
0.88,0.74,0.1856004395949067
0.9,0.74,0.17785433595068403
0.92,0.74,0.16576336603449576
0.9400000000000001,0.74,0.1468965472107318
0.96,0.74,0.11746532447530053
0.98,0.74,0.07156609533049593
1.0,0.74,0.0
0.0,0.76,0.0
0.02,0.76,0.07151389356530655
0.04,0.76,0.11736301202439478
0.06,0.76,0.14674800464213145
0.08,0.76,0.16557374741164838
0.1,0.76,0.17762947042730537
0.12,0.76,0.18534627420642183
0.14,0.76,0.1902834568835643
0.16,0.76,0.1934407772039738
0.18,0.76,0.19545896166442933
0.2,0.76,0.196748442131012
0.22,0.76,0.19757199612781737
0.24,0.76,0.19809777863820444
0.26,0.76,0.19843333901241192
0.28,0.76,0.19864742986594816
0.3,0.76,0.19878398140028536
0.32,0.76,0.19887105036457514
0.34,0.76,0.19892654737721738
0.36,0.76,0.1989619000905679
0.38,0.76,0.19898439448581584
0.4,0.76,0.19899866993792728
0.42,0.76,0.1990076725042605
0.44,0.76,0.19901326099117905
0.46,0.76,0.19901658973464165
0.48,0.76,0.1990183465067924
0.5,0.76,0.19901889435515402
0.52,0.76,0.19901834650679243
0.54,0.76,0.19901658973464173
0.56,0.76,0.1990132609911791
0.58,0.76,0.19900767250426044
0.6,0.76,0.19899866993792717
0.62,0.76,0.19898439448581573
0.64,0.76,0.19896190009056774
0.66,0.76,0.1989265473772172
0.68,0.76,0.198871050364575
0.7000000000000001,0.76,0.19878398140028525
0.72,0.76,0.19864742986594802
0.74,0.76,0.19843333901241175
0.76,0.76,0.1980977786382042
0.78,0.76,0.1975719961278171
0.8,0.76,0.19674844213101172
0.8200000000000001,0.76,0.19545896166442916
0.84,0.76,0.1934407772039737
0.86,0.76,0.19028345688356424
0.88,0.76,0.18534627420642175
0.9,0.76,0.17762947042730526
0.92,0.76,0.16557374741164826
0.9400000000000001,0.76,0.14674800464213134
0.96,0.76,0.11736301202439475
0.98,0.76,0.07151389356530653
1.0,0.76,0.0
0.0,0.78,0.0
0.02,0.78,0.07142924561939674
0.04,0.78,0.11719742781971967
0.06,0.78,0.14650831285017699
0.08,0.78,0.1652688980249904
0.1,0.78,0.17726941822592818
0.12,0.78,0.1849409847611952
0.14,0.78,0.18984217499419903
0.16,0.78,0.19297159175824913
0.18,0.78,0.19496862867768383
0.2,0.78,0.19624239537719596
0.22,0.78,0.19705447214524444
0.24,0.78,0.19757199612781728
0.26,0.78,0.19790169082237183
0.28,0.78,0.19811166253292514
0.3,0.78,0.19824535000189153
0.32,0.78,0.19833044491819202
0.34,0.78,0.19838459194169994
0.36,0.78,0.19841902811745155
0.38,0.78,0.19844090475849196
0.4,0.78,0.19845476733555834
0.42,0.78,0.1984634973044368
0.44,0.78,0.19846890976788167
0.46,0.78,0.19847213027217303
0.48,0.78,0.1984738286099291
0.5,0.78,0.19847435801785274
0.52,0.78,0.19847382860992907
0.54,0.78,0.19847213027217303
0.56,0.78,0.19846890976788173
0.58,0.78,0.19846349730443674
0.6,0.78,0.19845476733555814
0.62,0.78,0.19844090475849177
0.64,0.78,0.1984190281174513
0.66,0.78,0.19838459194169977
0.68,0.78,0.19833044491819193
0.7000000000000001,0.78,0.19824535000189136
0.72,0.78,0.19811166253292495
0.74,0.78,0.19790169082237166
0.76,0.78,0.19757199612781706
0.78,0.78,0.19705447214524416
0.8,0.78,0.19624239537719573
0.8200000000000001,0.78,0.1949686286776838
0.84,0.78,0.19297159175824904
0.86,0.78,0.1898421749941989
0.88,0.78,0.18494098476119508
0.9,0.78,0.17726941822592812
0.92,0.78,0.16526889802499029
0.9400000000000001,0.78,0.1465083128501769
0.96,0.78,0.11719742781971965
0.98,0.78,0.07142924561939673
1.0,0.78,0.0
0.0,0.8,0.0
0.02,0.8,0.07129151021644006
0.04,0.8,0.11692862634885405
0.06,0.8,0.14612058348390172
0.08,0.8,0.1647778932172062
0.1,0.8,0.17669220333540742
0.12,0.8,0.18429426857047065
0.14,0.8,0.18914110157262723
0.16,0.8,0.1922291045087896
0.18,0.8,0.19419529164639773
0.2,0.8,0.1954465176302827
0.22,0.8,0.19624239537719593
0.24,0.8,0.1967484421310119
0.26,0.8,0.19707010378080733
0.28,0.8,0.197274511948074
0.3,0.8,0.1974043811565418
0.32,0.8,0.19748687634824008
0.34,0.8,0.19753926574227862
0.36,0.8,0.19757252130253658
0.38,0.8,0.1975936100468406
0.4,0.8,0.19760695080848883
0.42,0.8,0.1976153390709341
0.44,0.8,0.19762053245731412
0.46,0.8,0.19762361903067432
0.48,0.8,0.1976252453648839
0.5,0.8,0.19762575209996944
0.52,0.8,0.1976252453648839
0.54,0.8,0.1976236190306743
0.56,0.8,0.19762053245731415
0.58,0.8,0.19761533907093398
0.6,0.8,0.19760695080848856
0.62,0.8,0.1975936100468403
0.64,0.8,0.1975725213025364
0.66,0.8,0.19753926574227848
0.68,0.8,0.19748687634824003
0.7000000000000001,0.8,0.19740438115654171
0.72,0.8,0.19727451194807388
0.74,0.8,0.19707010378080728
0.76,0.8,0.19674844213101164
0.78,0.8,0.1962423953771957
0.8,0.8,0.1954465176302826
0.8200000000000001,0.8,0.1941952916463977
0.84,0.8,0.19222910450878958
0.86,0.8,0.18914110157262717
0.88,0.8,0.18429426857047054
0.9,0.8,0.17669220333540736
0.92,0.8,0.16477789321720618
0.9400000000000001,0.8,0.1461205834839017
0.96,0.8,0.11692862634885404
0.98,0.8,0.07129151021644006
1.0,0.8,0.0
0.0,0.8200000000000001,0.0
0.02,0.8200000000000001,0.07106647094079745
0.04,0.8200000000000001,0.11649070914512563
0.06,0.8200000000000001,0.14549161821614998
0.08,0.8200000000000001,0.1639854666679666
0.1,0.8200000000000001,0.17576567399510618
0.12,0.8200000000000001,0.1832616383267467
0.14,0.8200000000000001,0.18802707853157494
0.16,0.8200000000000001,0.19105425395964248
0.18,0.8200000000000001,0.19297597409811437
0.2,0.8200000000000001,0.19419529164639776
0.22,0.8200000000000001,0.19496862867768383
0.24,0.8200000000000001,0.19545896166442928
0.26,0.8200000000000001,0.19576979097793334
0.28,0.8200000000000001,0.19596680271163647
0.3,0.8200000000000001,0.19609166255927002
0.32,0.8200000000000001,0.19617078884559594
0.34,0.8200000000000001,0.19622092652509365
0.36,0.8200000000000001,0.196252685564083
0.38,0.8200000000000001,0.19627278532721293
0.4,0.8200000000000001,0.19628547694232001
0.42,0.8200000000000001,0.19629344352768358
0.44,0.8200000000000001,0.19629836845122922
0.46,0.8200000000000001,0.19630129183446107
0.48,0.8200000000000001,0.19630283079193958
0.5,0.8200000000000001,0.1963033100722511
0.52,0.8200000000000001,0.19630283079193955
0.54,0.8200000000000001,0.196301291834461
0.56,0.8200000000000001,0.19629836845122917
0.58,0.8200000000000001,0.19629344352768344
0.6,0.8200000000000001,0.19628547694231982
0.62,0.8200000000000001,0.1962727853272127
0.64,0.8200000000000001,0.19625268556408287
0.66,0.8200000000000001,0.19622092652509354
0.68,0.8200000000000001,0.1961707888455959
0.7000000000000001,0.8200000000000001,0.19609166255926994
0.72,0.8200000000000001,0.19596680271163636
0.74,0.8200000000000001,0.1957697909779333
0.76,0.8200000000000001,0.1954589616644291
0.78,0.8200000000000001,0.19496862867768372
0.8,0.8200000000000001,0.19419529164639765
0.8200000000000001,0.8200000000000001,0.19297597409811437
0.84,0.8200000000000001,0.19105425395964246
0.86,0.8200000000000001,0.1880270785315749
0.88,0.8200000000000001,0.1832616383267467
0.9,0.8200000000000001,0.1757656739951062
0.92,0.8200000000000001,0.1639854666679666
0.9400000000000001,0.8200000000000001,0.14549161821614998
0.96,0.8200000000000001,0.1164907091451256
0.98,0.8200000000000001,0.07106647094079746
1.0,0.8200000000000001,0.0
0.0,0.84,0.0
0.02,0.84,0.07069695858978371
0.04,0.84,0.1157742629037261
0.06,0.84,0.144468037210836
0.08,0.84,0.16270377457699733
0.1,0.84,0.17427652244932532
0.12,0.84,0.1816118598751843
0.14,0.84,0.18625673597359838
0.16,0.84,0.1891957094920195
0.18,0.84,0.19105425395964248
0.2,0.84,0.1922291045087896
0.22,0.84,0.19297159175824907
0.24,0.84,0.19344077720397373
0.26,0.84,0.1937372539504471
0.28,0.84,0.19392460590359564
0.3,0.84,0.19404301003515986
0.32,0.84,0.1941178477188992
0.34,0.84,0.19416515125343584
0.36,0.84,0.19419504621430556
0.38,0.84,0.19421392582105057
0.4,0.84,0.19422582349435874
0.42,0.84,0.19423327835178752
0.44,0.84,0.194237879675704
0.46,0.84,0.19424060743089333
0.48,0.84,0.1942420420545502
0.5,0.84,0.194242488619606
0.52,0.84,0.19424204205455026
0.54,0.84,0.19424060743089325
0.56,0.84,0.19423787967570388
0.58,0.84,0.19423327835178741
0.6,0.84,0.19422582349435863
0.62,0.84,0.19421392582105046
0.64,0.84,0.19419504621430544
0.66,0.84,0.19416515125343572
0.68,0.84,0.19411784771889912
0.7000000000000001,0.84,0.19404301003515978
0.72,0.84,0.1939246059035956
0.74,0.84,0.1937372539504471
0.76,0.84,0.19344077720397368
0.78,0.84,0.19297159175824902
0.8,0.84,0.19222910450878955
0.8200000000000001,0.84,0.19105425395964243
0.84,0.84,0.18919570949201944
0.86,0.84,0.18625673597359843
0.88,0.84,0.1816118598751844
0.9,0.84,0.17427652244932534
0.92,0.84,0.1627037745769973
0.9400000000000001,0.84,0.144468037210836
0.96,0.84,0.11577426290372612
0.98,0.84,0.07069695858978371
1.0,0.84,0.0
0.0,0.86,0.0
0.02,0.86,0.07008649223256805
0.04,0.86,0.11459619924990427
0.06,0.86,0.14279610058863787
0.08,0.86,0.16062582689526078
0.1,0.86,0.17188008583987857
0.12,0.86,0.1789749147261041
0.14,0.86,0.18344364319033452
0.16,0.86,0.18625673597359846
0.18,0.86,0.18802707853157494
0.2,0.86,0.18914110157262706
0.22,0.86,0.18984217499419892
0.24,0.86,0.1902834568835642
0.26,0.86,0.19056129250637532
0.28,0.86,0.1907362780978583
0.3,0.86,0.19084652596590648
0.32,0.86,0.19091601028518493
0.34,0.86,0.190959814806132
0.36,0.86,0.19098743146151387
0.38,0.86,0.1910048334125352
0.4,0.86,0.19101577756114846
0.42,0.86,0.1910226223797614
0.44,0.86,0.19102684040404666
0.46,0.86,0.19102933764503655
0.48,0.86,0.1910306497866721
0.5,0.86,0.19103105802099363
0.52,0.86,0.19103064978667209
0.54,0.86,0.1910293376450365
0.56,0.86,0.19102684040404655
0.58,0.86,0.19102262237976125
0.6,0.86,0.1910157775611484
0.62,0.86,0.19100483341253516
0.64,0.86,0.19098743146151384
0.66,0.86,0.19095981480613192
0.68,0.86,0.1909160102851849
0.7000000000000001,0.86,0.19084652596590646
0.72,0.86,0.19073627809785823
0.74,0.86,0.1905612925063753
0.76,0.86,0.19028345688356418
0.78,0.86,0.18984217499419892
0.8,0.86,0.18914110157262712
0.8200000000000001,0.86,0.1880270785315749
0.84,0.86,0.1862567359735984
0.86,0.86,0.18344364319033457
0.88,0.86,0.17897491472610422
0.9,0.86,0.17188008583987863
0.92,0.86,0.16062582689526075
0.9400000000000001,0.86,0.14279610058863776
0.96,0.86,0.11459619924990425
0.98,0.86,0.07008649223256805
1.0,0.86,0.0
0.0,0.88,0.0
0.02,0.88,0.06907010953709782
0.04,0.88,0.11264718112466583
0.06,0.88,0.140053559116278
0.08,0.88,0.15724851195458142
0.1,0.88,0.16801909645679966
0.12,0.88,0.1747590529442399
0.14,0.88,0.17897491472610416
0.16,0.88,0.18161185987518447
0.18,0.88,0.18326163832674672
0.2,0.88,0.18429426857047054
0.22,0.88,0.18494098476119503
0.24,0.88,0.18534627420642172
0.26,0.88,0.18560043959490677
0.28,0.88,0.18575994363512727
0.3,0.88,0.1858601106386043
0.32,0.88,0.185923054706839
0.34,0.88,0.18596262918561957
0.36,0.88,0.1859875177053856
0.38,0.88,0.18600316548893514
0.4,0.88,0.1860129864701682
0.42,0.88,0.1860191176780151
0.44,0.88,0.18602288999649413
0.46,0.88,0.1860251204875414
0.48,0.88,0.1860262913834423
0.5,0.88,0.18602665549522307
0.52,0.88,0.18602629138344237
0.54,0.88,0.18602512048754138
0.56,0.88,0.18602288999649405
0.58,0.88,0.1860191176780151
0.6,0.88,0.18601298647016815
0.62,0.88,0.1860031654889351
0.64,0.88,0.1859875177053856
0.66,0.88,0.18596262918561957
0.68,0.88,0.185923054706839
0.7000000000000001,0.88,0.1858601106386043
0.72,0.88,0.18575994363512727
0.74,0.88,0.1856004395949068
0.76,0.88,0.18534627420642175
0.78,0.88,0.18494098476119505
0.8,0.88,0.18429426857047057
0.8200000000000001,0.88,0.1832616383267467
0.84,0.88,0.18161185987518447
0.86,0.88,0.17897491472610413
0.88,0.88,0.1747590529442399
0.9,0.88,0.1680190964567997
0.92,0.88,0.15724851195458145
0.9400000000000001,0.88,0.140053559116278
0.96,0.88,0.11264718112466583
0.98,0.88,0.06907010953709782
1.0,0.88,0.0
0.0,0.9,0.0
0.02,0.9,0.06736078669857695
0.04,0.9,0.10939829282031642
0.06,0.9,0.13553315462048254
0.08,0.9,0.1517452677409036
0.1,0.9,0.1617925543798587
0.12,0.9,0.16801909645679966
0.14,0.9,0.17188008583987857
0.16,0.9,0.17427652244932543
0.18,0.9,0.1757656739951062
0.2,0.9,0.17669220333540742
0.22,0.9,0.1772694182259281
0.24,0.9,0.17762947042730517
0.26,0.9,0.177854335950684
0.28,0.9,0.17799493493616533
0.3,0.9,0.1780829403742651
0.32,0.9,0.1781380796593151
0.34,0.9,0.17817265536124557
0.36,0.9,0.1781943482265509
0.38,0.9,0.17820795746543866
0.4,0.9,0.17821648244660762
0.42,0.9,0.17822179540123978
0.44,0.9,0.17822505941567215
0.46,0.9,0.17822698702270093
0.48,0.9,0.17822799804102146
0.5,0.9,0.1782283122920585
0.52,0.9,0.17822799804102143
0.54,0.9,0.17822698702270084
0.56,0.9,0.17822505941567207
0.58,0.9,0.17822179540123972
0.6,0.9,0.1782164824466076
0.62,0.9,0.17820795746543872
0.64,0.9,0.178194348226551
0.66,0.9,0.1781726553612456
0.68,0.9,0.1781380796593151
0.7000000000000001,0.9,0.17808294037426514
0.72,0.9,0.17799493493616536
0.74,0.9,0.1778543359506841
0.76,0.9,0.1776294704273053
0.78,0.9,0.1772694182259281
0.8,0.9,0.17669220333540736
0.8200000000000001,0.9,0.17576567399510612
0.84,0.9,0.17427652244932537
0.86,0.9,0.17188008583987854
0.88,0.9,0.16801909645679966
0.9,0.9,0.1617925543798587
0.92,0.9,0.15174526774090363
0.9400000000000001,0.9,0.13553315462048257
0.96,0.9,0.10939829282031642
0.98,0.9,0.06736078669857695
1.0,0.9,0.0
0.0,0.92,0.0
0.02,0.92,0.06444690177660893
0.04,0.92,0.10393170740160375
0.06,0.92,0.1280421297285288
0.08,0.92,0.1427559035568726
0.1,0.92,0.15174526774090363
0.12,0.92,0.15724851195458145
0.14,0.92,0.1606258268952608
0.16,0.92,0.16270377457699736
0.18,0.92,0.16398546666796665
0.2,0.92,0.16477789321720626
0.22,0.92,0.1652688980249904
0.24,0.92,0.1655737474116482
0.26,0.92,0.1657633660344957
0.28,0.92,0.165881506771818
0.3,0.92,0.16595522433782867
0.32,0.92,0.1660012841267737
0.34,0.92,0.16603009544574596
0.36,0.92,0.16604813201944402
0.38,0.92,0.1660594251927487
0.4,0.92,0.16606648693890538
0.42,0.92,0.16607088114491203
0.44,0.92,0.16607357712538823
0.46,0.92,0.16607516755110882
0.48,0.92,0.1660760010740884
0.5,0.92,0.16607626004937973
0.52,0.92,0.1660760010740884
0.54,0.92,0.1660751675511088
0.56,0.92,0.16607357712538817
0.58,0.92,0.16607088114491197
0.6,0.92,0.1660664869389054
0.62,0.92,0.1660594251927488
0.64,0.92,0.16604813201944418
0.66,0.92,0.16603009544574598
0.68,0.92,0.16600128412677376
0.7000000000000001,0.92,0.1659552243378287
0.72,0.92,0.16588150677181807
0.74,0.92,0.16576336603449576
0.76,0.92,0.1655737474116482
0.78,0.92,0.16526889802499029
0.8,0.92,0.16477789321720615
0.8200000000000001,0.92,0.16398546666796648
0.84,0.92,0.16270377457699728
0.86,0.92,0.16062582689526078
0.88,0.92,0.15724851195458148
0.9,0.92,0.1517452677409036
0.92,0.92,0.1427559035568726
0.9400000000000001,0.92,0.1280421297285288
0.96,0.92,0.10393170740160375
0.98,0.92,0.06444690177660893
1.0,0.92,0.0
0.0,0.9400000000000001,0.0
0.02,0.9400000000000001,0.05938449336157679
0.04,0.9400000000000001,0.09462584676128154
0.06,0.9400000000000001,0.11555617928086205
0.08,0.9400000000000001,0.1280421297285288
0.1,0.9400000000000001,0.1355331546204826
0.12,0.9400000000000001,0.14005355911627804
0.14,0.9400000000000001,0.14279610058863793
0.16,0.9400000000000001,0.14446803721083606
0.18,0.9400000000000001,0.14549161821615003
0.2,0.9400000000000001,0.14612058348390175
0.22,0.9400000000000001,0.14650831285017699
0.24,0.9400000000000001,0.1467480046421314
0.26,0.9400000000000001,0.1468965472107318
0.28,0.9400000000000001,0.146988803133146
0.3,0.9400000000000001,0.1470462109460236
0.32,0.9400000000000001,0.14708199388955995
0.34,0.9400000000000001,0.14710432936466974
0.36,0.9400000000000001,0.14711828561661955
0.38,0.9400000000000001,0.1471270093857565
0.4,0.9400000000000001,0.14713245635913427
0.42,0.9400000000000001,0.14713584134309707
0.44,0.9400000000000001,0.14713791581493746
0.46,0.9400000000000001,0.14713913849247948
0.48,0.9400000000000001,0.14713977886966123
0.5,0.9400000000000001,0.14713997776715987
0.52,0.9400000000000001,0.14713977886966123
0.54,0.9400000000000001,0.1471391384924795
0.56,0.9400000000000001,0.14713791581493743
0.58,0.9400000000000001,0.14713584134309707
0.6,0.9400000000000001,0.1471324563591343
0.62,0.9400000000000001,0.1471270093857566
0.64,0.9400000000000001,0.14711828561661966
0.66,0.9400000000000001,0.14710432936466977
0.68,0.9400000000000001,0.14708199388956
0.7000000000000001,0.9400000000000001,0.14704621094602366
0.72,0.9400000000000001,0.14698880313314602
0.74,0.9400000000000001,0.14689654721073184
0.76,0.9400000000000001,0.14674800464213134
0.78,0.9400000000000001,0.14650831285017685
0.8,0.9400000000000001,0.1461205834839016
0.8200000000000001,0.9400000000000001,0.1454916182161499
0.84,0.9400000000000001,0.144468037210836
0.86,0.9400000000000001,0.1427961005886379
0.88,0.9400000000000001,0.14005355911627804
0.9,0.9400000000000001,0.1355331546204826
0.92,0.9400000000000001,0.1280421297285288
0.9400000000000001,0.9400000000000001,0.11555617928086205
0.96,0.9400000000000001,0.09462584676128152
0.98,0.9400000000000001,0.05938449336157679
1.0,0.9400000000000001,0.0
0.0,0.96,0.0
0.02,0.96,0.05034212358073208
0.04,0.96,0.07855617635333981
0.06,0.96,0.09462584676128151
0.08,0.96,0.10393170740160372
0.1,0.96,0.10939829282031643
0.12,0.96,0.11264718112466586
0.14,0.96,0.11459619924990429
0.16,0.96,0.11577426290372615
0.18,0.96,0.11649070914512566
0.2,0.96,0.1169286263488541
0.22,0.96,0.11719742781971967
0.24,0.96,0.1173630120243948
0.26,0.96,0.11746532447530053
0.28,0.96,0.11752870823063971
0.3,0.96,0.11756806461276453
0.32,0.96,0.1175925498986847
0.34,0.96,0.1176078083796874
0.36,0.96,0.11761732881993188
0.38,0.96,0.11762327225167499
0.4,0.96,0.11762697904060501
0.42,0.96,0.11762928032202394
0.44,0.96,0.11763068946177255
0.46,0.96,0.1176315194327063
0.48,0.96,0.11763195391884931
0.5,0.96,0.11763208883336938
0.52,0.96,0.11763195391884936
0.54,0.96,0.11763151943270632
0.56,0.96,0.11763068946177256
0.58,0.96,0.11762928032202394
0.6,0.96,0.11762697904060501
0.62,0.96,0.11762327225167504
0.64,0.96,0.11761732881993192
0.66,0.96,0.11760780837968743
0.68,0.96,0.11759254989868473
0.7000000000000001,0.96,0.11756806461276453
0.72,0.96,0.11752870823063975
0.74,0.96,0.11746532447530053
0.76,0.96,0.11736301202439473
0.78,0.96,0.11719742781971952
0.8,0.96,0.11692862634885395
0.8200000000000001,0.96,0.11649070914512556
0.84,0.96,0.11577426290372608
0.86,0.96,0.11459619924990427
0.88,0.96,0.11264718112466587
0.9,0.96,0.10939829282031648
0.92,0.96,0.10393170740160375
0.9400000000000001,0.96,0.09462584676128152
0.96,0.96,0.07855617635333981
0.98,0.96,0.05034212358073208
1.0,0.96,0.0
0.0,0.98,0.0
0.02,0.98,0.03349624932415814
0.04,0.98,0.050342123580732076
0.06,0.98,0.05938449336157679
0.08,0.98,0.06444690177660894
0.1,0.98,0.06736078669857698
0.12,0.98,0.06907010953709784
0.14,0.98,0.07008649223256805
0.16,0.98,0.07069695858978374
0.18,0.98,0.07106647094079747
0.2,0.98,0.07129151021644009
0.22,0.98,0.07142924561939676
0.24,0.98,0.07151389356530655
0.26,0.98,0.07156609533049595
0.28,0.98,0.07159838234747587
0.3,0.98,0.07161840229826294
0.32,0.98,0.07163084269246392
0.34,0.98,0.07163858711140078
0.36,0.98,0.07164341479573197
0.38,0.98,0.0716464262107416
0.4,0.98,0.07164830303770775
0.42,0.98,0.0716494675070259
0.44,0.98,0.07165018016977705
0.46,0.98,0.07165059974426517
0.48,0.98,0.07165081932343034
0.5,0.98,0.07165088749529283
0.52,0.98,0.07165081932343033
0.54,0.98,0.07165059974426516
0.56,0.98,0.07165018016977706
0.58,0.98,0.07164946750702592
0.6,0.98,0.07164830303770775
0.62,0.98,0.07164642621074163
0.64,0.98,0.071643414795732
0.66,0.98,0.0716385871114008
0.68,0.98,0.07163084269246392
0.7000000000000001,0.98,0.07161840229826294
0.72,0.98,0.07159838234747587
0.74,0.98,0.07156609533049593
0.76,0.98,0.0715138935653065
0.78,0.98,0.07142924561939666
0.8,0.98,0.07129151021644002
0.8200000000000001,0.98,0.07106647094079746
0.84,0.98,0.07069695858978371
0.86,0.98,0.07008649223256805
0.88,0.98,0.0690701095370978
0.9,0.98,0.06736078669857694
0.92,0.98,0.06444690177660893
0.9400000000000001,0.98,0.05938449336157679
0.96,0.98,0.050342123580732076
0.98,0.98,0.03349624932415814
1.0,0.98,0.0
0.0,1.0,0.0
0.02,1.0,0.0
0.04,1.0,0.0
0.06,1.0,0.0
0.08,1.0,0.0
0.1,1.0,0.0
0.12,1.0,0.0
0.14,1.0,0.0
0.16,1.0,0.0
0.18,1.0,0.0
0.2,1.0,0.0
0.22,1.0,0.0
0.24,1.0,0.0
0.26,1.0,0.0
0.28,1.0,0.0
0.3,1.0,0.0
0.32,1.0,0.0
0.34,1.0,0.0
0.36,1.0,0.0
0.38,1.0,0.0
0.4,1.0,0.0
0.42,1.0,0.0
0.44,1.0,0.0
0.46,1.0,0.0
0.48,1.0,0.0
0.5,1.0,0.0
0.52,1.0,0.0
0.54,1.0,0.0
0.56,1.0,0.0
0.58,1.0,0.0
0.6,1.0,0.0
0.62,1.0,0.0
0.64,1.0,0.0
0.66,1.0,0.0
0.68,1.0,0.0
0.7000000000000001,1.0,0.0
0.72,1.0,0.0
0.74,1.0,0.0
0.76,1.0,0.0
0.78,1.0,0.0
0.8,1.0,0.0
0.8200000000000001,1.0,0.0
0.84,1.0,0.0
0.86,1.0,0.0
0.88,1.0,0.0
0.9,1.0,0.0
0.92,1.0,0.0
0.9400000000000001,1.0,0.0
0.96,1.0,0.0
0.98,1.0,0.0
1.0,1.0,0.0
